structureID,chainId,structureTitle,experimentalTechnique,classification,compound,expressionHost,structureMolecularWeight,residueCount,percent Alpha Helices,percent Beta Sheets,chainLength,crystallizationTemp,pH,densityMatthews,pI,instabilityIndex,densityPercentSol,PEG #,% PEG,Ionic Strength,PEG Viscosity,GRAVY,pdbxDetails,crystallizationMethod,spaceGroup,macromoleculeType,secondaryStructure
1A28,A,HORMONE-BOUND HUMAN PROGESTERONE RECEPTOR LIGAND-BINDING DOMAIN,X-RAY DIFFRACTION,PROGESTERONE RECEPTOR,PROGESTERONE RECEPTOR,Escherichia coli BL21,59738.54,512,63.09,3.12,256,NA,6.5,2.29,8.388000488,54.18914062,45.7,4000,2,1.05,80,0.02734375,"PROTEIN WAS CRYSTALLIZED FROM 2% PEG 4000, 50 MM PIPES PH 6.5, 350 MM LI2SO4, THEN STABILIZED IN THE SAME BUFFER WITH 21% ETHYLENE GLYCOL",NA,P 1 21 1,Protein,GQDIQLIPPLINLLMSIEPDVIYAGHDNTKPDTSSSLLTSLNQLGERQLLSVVKWSKSLPGFRNLHIDDQITLIQYSWMSLMVFGLGWRSYKHVSGQMLYFAPDLILNEQRMKESSFYSLCLTMWQIPQEFVKLQVSQEEFLCMKVLLLLNTIPLEGLRSQTQFEEMRSSYIRELIKAIGLRQKGVVSSSQRFYQLTKLLDNLHDLVKQLHLYCLNTFIQSRALSVEFPEMMSEVIAAQLPKILAGMVKPLLFHKK#      S HHHHHHHHHS          SS   HHHHHHHHHHHHHHHHHHHHHHHHHSTTGGGS HHHHHHHHHHHHHHHHHHHHHHHHHHHHTTSSEEEETTEEE GGG  SHHHHHHHHHHHHHHHHHHHHT  HHHHHHHHHHHHTSEEETT  TTHHHHHHHHHHHHHHHHHHHHTT  SHHHHHHHHHHHHHHHHHHHHHHHHHHHHHHHHHHTHHHHT    HHHHHHHHHHHHHHHTT EEE  S   
1AF5,A,GROUP I MOBILE INTRON ENDONUCLEASE,X-RAY DIFFRACTION,ENDONUCLEASE,I-CREI,Escherichia coli,15552.1,135,31.85,14.81,135,NA,5,3.82,9.164855957,35.4837037,68,6000,23,0,1380,-0.2585185185,"PROTEIN WAS CRYSTALLIZED FROM 23% PEG 6000, 0.1M CITRATE,PH 5.0",NA,P 3 2 1,Protein,KYNKEFLLYLAGFVDGDGSIIAQIKPNQSYKFKHQLSLTFQVTQKTQRRWFLGKLVDEIGVGYVRDRGSVSDYILSEIKPLHNFLTQLQPFLKLKQKQANLVLKIIEQLPSAKESPDKFLEVCTWVDQIAALNDS#    SSHHHHHHHHHHS EEEEEEE  SSSSS  EEEEEEEE  BGGG HHHHHHHHHH S  EEEETTEEEEE  SHHHHHHHHHHHGGG SSSHHHHHHHHHHTS              TT HHHHT SS   
1CX2,A,"CYCLOOXYGENASE-2 (PROSTAGLANDIN SYNTHASE-2) COMPLEXED WITH A SELECTIVE INHIBITOR, SC-558",X-RAY DIFFRACTION,OXIDOREDUCTASE,CYCLOOXYGENASE-2,"FALL ARMYWORM, SPODOPTERA FRUGIPERDA INSECT CELLS",276183.07,2348,35.95,1.7,587,NA,8,2.54,6.858825684,39.19541738,52,NA,0,0.22,0,-0.3587734242,"20 MM SODIUM PHOSPHATE, 100 MM NACL, 0.6% BETA- OCTYLGLUCOSIDE, 10 MG/ML PROTEIN, 1MM INHIBITOR MIXED WITH A RESERVOIR SOLUTION CONTAINING 20-34% MONOMETHYL PEG 550, 10-240 MGCL2, 50 MM EPPS PH 8.0 IN THE RATIO OF 1:1",NA,P 21 21 2,Protein,ANPCCSNPCQNRGECMSTGFDQYKCDCTRTGFYGENCTTPEFLTRIKLLLKPTPNTVHYILTHFKGVWNIVNNIPFLRSLIMKYVLTSRSYLIDSPPTYNVHYGYKSWEAFSNLSYYTRALPPVADDCPTPMGVKGNKELPDSKEVLEKVLLRREFIPDPQGSNMMFAFFAQHFTHQFFKTDHKRGPGFTRGLGHGVDLNHIYGETLDRQHKLRLFKDGKLKYQVIGGEVYPPTVKDTQVEMIYPPHIPENLQFAVGQEVFGLVPGLMMYATIWLREHQRVCDILKQEHPEWGDEQLFQTSKLILIGETIKIVIEDYVQHLSGYHFKLKFDPELLFNQQFQYQNRIASEFNTLYHWHPLLPDTFNIEDQEYSFKQFLYNNSILLEHGLTQFVESFTRQIAGRVAGGRNVPIAVQAVAKASIDQSREMKYQSLNEYRKRFSLKPYTSFEELTGEKEMAAELKALYSDIDVMELYPALLVEKPRPDAIFGETMVELGAPFSLKGLMGNPICSPQYWKPSTFGGEVGFKIINTASIQSLICNNVKGCPFTSFNVQDPQPTKTATINASASHSRLDDINPTVLIKRRSTEL#  TTTT    TT EEE SSSS  EEE TTSSEETTTT EE HHHHHHHTT   HHHHHHHHHS HHHHHHHHH HHHHHHHHHHHHHHHGGG  SS   BTTBSS  HHHHH TTB B SS    TT SBTTBSSS SS   SHHHHTTTTB SS  B TT B HHHHHHHHHHHHHH    TTT TTB S  S S   HHHH SSSHHHHTTB SSTT B  EEETTEEE  BTTTS       TTS SSS B  SSTTTTSSHHHHHHHHHHHHHHHHHHHHHHTT TT  HHHHHHHHHHHHHHHHHHHHHHTHHHHHHT SS     GGGSTTS        BHHHHHHT  GGG  SSB  SS  B HHHHTT HHHHHHH SHHHHHHHHS   B SSSSS B SSTHHHHHHHHHHHHHTT  BHHHHHHHTT    S HHHHHSSSHHHHHHHHHH SGGG BHHHHHHSS  STT SS HHHHHHHHHHHHHTTTSSGGGSTTT STTTTSSHHHHHHHTT  HHHHHHHHSSS     SB                                     
1ET1,A,CRYSTAL STRUCTURE OF HUMAN PARATHYROID HORMONE 1-34 AT 0.9 A RESOLUTION,X-RAY DIFFRACTION,HORMONE/GROWTH FACTOR,PARATHYROID HORMONE,Escherichia coli,8297.6,68,94.12,0,34,293,4.5,NA,8.286804199,62.52352941,NA,NA,0,7.6,0,-0.6705882353,"2.5 M ammonium sulfate, 5% isopropanol and 0.1 M sodium acetate buffer, pH 4.5., VAPOR DIFFUSION, HANGING DROP, temperature 293K","VAPOR DIFFUSION, HANGING DROP",P 65,Protein,SVSEIQLMHNLGKHLNSMERVEWLRKKLQDVHNF#  HHHHHHHHHHHHHHHHHHHHHHHHHHHHHHH 
1EVX,A,"APO CRYSTAL STRUCTURE OF THE HOMING ENDONUCLEASE, I-PPOI",X-RAY DIFFRACTION,HYDROLASE,INTRON-ENCODED HOMING ENDONUCLEASE I-PPOI,Escherichia coli,36006.15,324,18.52,24.07,162,277,6.5,2.75,8.214538574,45.95,55.2,8000,18,0.7,1440,-0.237037037,"200mM ammonium sulfate, 18% PEG 8K, 100mM sodium cacodylate pH 6.5, VAPOR DIFFUSION, HANGING DROP, temperature 4K","VAPOR DIFFUSION, HANGING DROP",P 41 21 2,Protein,ALTNAQILAVIDSWEETVGQFPVITHHVPLGGGLQGTLHCYEIPLAAPYGVGFAKNGPTRWQYKRTINQVVHRWGSHTVPFLLEPDNINGKTCTASHLCHNTRCHNPLHLCWESLDDNKGRNWCPGPNGGCVHAVVCLRQGPLYGPGATVAGPQQRGSHFVV#   HHHHHHHHHHHHHHHTTS EEEEEEEEETTEEEEEEEEB  SSS   TTEEE STT EEEEEEETTEEEEEETTTGGGTTS SEETTEEEEEEETT  TTB  GGGEEEEEHHHHHHGGG   TTTT   SS  SS  TT SS   SB    SSSS   
1F2T,A,Crystal Structure of ATP-Free RAD50 ABC-ATPase,X-RAY DIFFRACTION,REPLICATION,RAD50 ABC-ATPASE,Escherichia coli,33898.6,297,36.7,26.6,149,295,6.5,2.31,9.492126465,19.1704698,46.68,4000,10,0.23,400,-0.2563758389,"200 mM ammonium acetate, 50 mM cacodylate, 10 mM MgCl2, 10% PEG 4000, pH 6.5, VAPOR DIFFUSION, SITTING DROP, temperature 295K","VAPOR DIFFUSION, SITTING DROP",P 21 21 21,Protein,MKLERVTVKNFRSHSDTVVEFKEGINLIIGQNGSGKSSLLDAILVGLYWPLRIKDIKKDEFTKVGARDTYIDLIFEKDGTKYRITRRFLKGYSSGEIHAMKRLVGNEWKHVTEPSSKAISAFMEKLIPYNIFLNAIYIRQGQIDAILES# EEEEEEEESBTTBSSEEEE  SEEEEEE  TTSSHHHHHHHHHHHHH SS  TTSS   S STT   EEEEEEEEETTEEEEEEEEE       EEEEEEEEETTEEEESS SSHHHHHHHHHHHS HHHHHHHTEE TTHHHHHT  
1F30,A,THE STRUCTURAL BASIS FOR DNA PROTECTION BY E. COLI DPS PROTEIN,X-RAY DIFFRACTION,DNA BINDING PROTEIN,DNA PROTECTION DURING STARVATION PROTEIN,Escherichia coli,226895.1,2004,70.01,0,167,298,8.1,2.5,5.723327637,24.98323353,51.8,8000,11,0.1,880,-0.2143712575,"10mM MOPS, 100mM KCl, 10% glycerol  +  100mM TrisHCL, 100mM KCl, 10% glycerol, 11% PEG 8000, and 5mM DTT, pH 8.1, VAPOR DIFFUSION, HANGING DROP, temperature 298K","VAPOR DIFFUSION, HANGING DROP",C 2 2 21,Protein,MSTAKLVKSKATNLLYTRNDVSDSEKKATVELLNRQVIQFIDLSLITKQAHWNMRGANFIAVHEMLDGFRTALIDHLDTMAERAVQLGGVALGTTQVINSKTPLKSYPLDIHNVQDHLKELADRYAIVANDVRKAIGEAKDDDTADILTAASRDLDKFLWFIESNIE#                 S  S HHHHHHHHHHHHHHHHHHHHHHHHHHHHHHH BSTTHHHHHHHHHHHHHHHHHHHHHHHHHHHHTT      HHHHHHH  S    SS  BHHHHHHHHHHHHHHHHHHHHHHHHH  SHHHHHHHHHHHHHHHHHHHHHHHT  
1FW1,A,Glutathione transferase zeta/maleylacetoacetate isomerase,X-RAY DIFFRACTION,ISOMERASE/TRANSFERASE,GLUTATHIONE TRANSFERASE ZETA,Escherichia coli,24665.72,216,58.8,5.56,216,295,9.5,2.95,8.577575684,37.35972222,58.28,NA,0,NA,0,-0.0916666667,"50% saturated  ammonium sulfate, 1% tert-butanol, 100mM bicine pH9.5, 10mM glutathione, 10mM DTT, VAPOR DIFFUSION, HANGING DROP, temperature 22K, temperature 295K","VAPOR DIFFUSION, HANGING DROP",P 4 21 2,Protein,MQAGKPILYSYFRSSCSWRVRIALALKGIDYKTVPINLIKDGGQQFSKDFQALNPMKQVPTLKIDGITIHQSLAIIEYLEETRPTPRLLPQDPKKRASVRMISDLIAGGIQPLQNLSVLKQVGEEMQLTWAQNAITCGFNALEQILQSTAGIYCVGDEVTMADLCLVPQVANAERFKVDLTPYPTISSINKRLLVLEAFQVSHPCRQPDTPTELRA#      EEEE TT HHHHHHHHHHHHTT   EEEE  SSTTS GGGSHHHHHH TT  S EEEETTEEEESHHHHHHHHHHHS SS SS SSHHHHHHHHHHHHHHHHHTGGGG HHHHHHH HHHHHHHHHHHHHHHHHHHHHHHHHHBSSSSSBTS  HHHHHHHHHHHHHHHTT   TT HHHHHHHHHHHTSGGGTTT GGGSTTS      
1GX6,A,HEPATITIS C VIRUS RNA POLYMERASE IN COMPLEX WITH UTP AND MANGANESE,X-RAY DIFFRACTION,POLYMERASE,RNA-DIRECTED RNA POLYMERASE,ESCHERICHIA COLI,61346.22,531,52.92,10.73,531,NA,6.8,2.6,8.992736816,43.06365348,51,4000,4,0.1,160,-0.2193973635,"4% (W/V) PEG 4000, 0.1 M SODIUM CITRATE, 7% 2-PROPANOL, pH 6.80",NA,P 21 21 2,Protein,SMSYTWTGALITPCAAEESKLPINALSNSLLRHHNMVYATTSRSAGLRQKKVTFDRLQVLDDHYRDVLKEMKAKASTVKAKLLSVEEACKLTPPHSAKSKFGYGAKDVRNLSSKAVNHIHSVWKDLLEDTVTPIDTTIMAKNEVFCVQPEKGGRKPARLIVFPDLGVRVCEKMALYDVVSTLPQVVMGSSYGFQYSPGQRVEFLVNTWKSKKNPMGFSYDTRCFDSTVTENDIRVEESIYQCCDLAPEARQAIKSLTERLYIGGPLTNSKGQNCGYRRCRASGVLTTSCGNTLTCYLKASAACRAAKLQDCTMLVNGDDLVVICESAGTQEDAASLRVFTEAMTRYSAPPGDPPQPEYDLELITSCSSNVSVAHDASGKRVYYLTRDPTTPLARAAWETARHTPVNSWLGNIIMYAPTLWARMILMTHFFSILLAQEQLEKALDCQIYGACYSIEPLDLPQIIERLHGLSAFSLHSYSPGEINRVASCLRKLGVPPLRVWRHRARSVRARLLSQGGRAATCGKYLFNWAVK# BSEEE S     SS    B    HHHHHH S GGGEEE  GGGHHHHHHHH  B      HHHHHHHHHHHHHHTT B     HHHHHHTS TTS   TTS  HHHHHTT HHHHHHHHHHHHHHHH SSS   EEEEE   EEE BTTTTBS    EEEE  HHHHHHHHHHHHHHHTTHHHHHHGGGBGGG  HHHHHHHHHHHHHHSSSEEEEEEEBTTHHHH  HHHHHHHHHHHTTSB  HHHHHHHHHHHHHTTT EEEE TTS EEEEE S  TTSTTHHHHHHHHHHHHHHHHHHHTT EEEEEEEETTEEEEEEE   HHHHHHHHHHHHHHHHHTT  BSS    BS GGG  BTTBEEEEEE TT  EEEEEE  SHHHHHHHHHHHHS  S  HHHHHHHHTTTSHHHHHTHHHHHHHHHHHTT TT  EEEEETTEEEEE GGGHHHHHHHHH GGGGT B   HHHHHHHHHHHHHHT   HHHHHHHHHHHHHHHHTT HHHHHHHHHHTGGG  
1KN9,A,"CRYSTAL STRUCTURE OF A BACTERIAL SIGNAL PEPTIDASE APO-ENZYME, IMPLICATIONS FOR SIGNAL PEPTIDE BINDING AND THE SER-LYS DYAD MECHANISM.",X-RAY DIFFRACTION,HYDROLASE,Signal peptidase I,Escherichia coli BL21(DE3),111867.6,996,5.62,44.48,249,295,5.4,2.81,5.504211426,41.83253012,56.2,NA,0,1.3,0,-0.4060240964,"0.70M ammonium dihydrogen phosphate, 0.1M sodium citrate, Triton X-100, pH 5.4, VAPOR DIFFUSION, SITTING DROP, temperature 295K","VAPOR DIFFUSION, SITTING DROP",P 41 21 2,Protein,MVRSFIYEPFQIPSGSMMPTLLIGDFILVEKFAYGIKDPIYQKTLIETGHPKRGDIVVFKYPEDPKLDYIKRAVGLPGDKVTYDPVSKELTIQPGCSSGQACENALPVTYSNVEPSDFVQTFSRRNGGEATSGFFEVPKNETKENGIRLSERKETLGDVTHRILTVPIAQDQVGMYYQQPGQQLATWIVPPGQYFMMGDNRDNSADSRYWGFVPEANLVGRATAIWMSFDKQEGEWPTGLRLSRIGGIH#  EE  EEEEE   STTTTTS TTEEEEEEESEEEE  SSS   EEEE    TT EEEEE SS TTSEEEEEEEE TT EEEEETTTTEEEEESS            EEE   EEEEEEEEEE GGG  EEEEEEE  TT   TTEEEEEEEEEEETTEEEEEEE TTB   GGGS   TTS TTEEE  TTEEEEE SBTTS   HHHH  EEGGGEEEEEEEEEEE             GGG BS  
1PV6,A,Crystal structure of lactose permease,X-RAY DIFFRACTION,TRANSPORT PROTEIN,Lactose permease,Escherichia coli,92970.6,834,85.37,0,417,293,7,NA,9.015197754,29.53671463,NA,400,28.5,0.6,114,0.9057553957,"27-30% PEG 400, 100mM HEPES pH 7.0, 200mM CaCl2, 3% 1,6hexanediol, 0.8mM CHAPS, VAPOR DIFFUSION, HANGING DROP, temperature 293K","VAPOR DIFFUSION, HANGING DROP",P 21 21 21,Protein,MYYLKNTNFWMFGLFFFFYFFIMGAYFPFFPIWLHDINHISKSDTGIIFAAISLFSLLFQPLFGLLSDKLGLRKYLLWIITGMLVMFAPFFIFIFGPLLQYNILVGSIVGGIYLGFCFNAGAPAVEAFIEKVSRRSNFEFGRARMFGCVGWALGASIVGIMFTINNQFVFWLGSGCALILAVLLFFAKTDAPSSATVANAVGANHSAFSLKLALELFRQPKLWFLSLYVIGVSCTYDVFDQQFANFFTSFFATGEQGTRVFGYVTTMGELLNASIMFFAPLIINRIGGKNALLLAGTIMSVRIIGSSFATSALEVVILKTLHMFEVPFLLVGCFKYITSQFEVRFSATIYLVCFCFFKQLAMIFMSVLAGNMYESIGFQGAYLVLGLVALGFTLISVFTLSGPGPLSLLRRQVNEVA# HHHHSHHHHHHHHHHHHHHHHHHHHHHHHHHHHHHHH   HHHHHHHHHHHHHHHHHTHHHHHHHHHHHTT SHHHHHHHHHHHTHHHHHHHTHHHHHHTT HHHHHHHHTTTTTTTTTHHHHHHHHHHHHHHHHS  HHHHHHHHHHHHHHHHHHHHHHHHH HHHHHHHHHHHHHHHHHHHHSS   S SSS SSTTTSS      HHHHHHHHH HHHHHHHHHHHHHHHHHHHHHHHHHHHHTTTSS HHHHHHHHHHHHHHHHHHHHHHHTTHHHHHHHH HHHHHHHHHHHHHHHHHHHHT  SHHHHHHHHHHHHHHHHHHHHHHHHHHHHHS GGGHHHHHHHHHTTTHHHHHHHHHHHHHHHHHHH HHHHHHHHHHHHHHHHHHHHHHS  SS TTHHHHHHHHH 
1PW4,A,Crystal Structure of the Glycerol-3-Phosphate Transporter from E.Coli,X-RAY DIFFRACTION,MEMBRANE PROTEIN,Glycerol-3-phosphate transporter,Escherichia coli,50244.5,451,72.06,0,451,293,8.7,4.79,8.688903809,36.11929047,74.35,2000,25,0.005,500,0.5046563193,"25% PEG2K MME, 20% Glycerol, 5% MPD, 0.1M Tris pH8.7, 1mM DTT, 5mM NaAc, VAPOR DIFFUSION, HANGING DROP, temperature 293K","VAPOR DIFFUSION, HANGING DROP",P 32 2 1,Protein,GSIFKPAPHKARLPAAEIDPTYRRLRWQIFLGIFFGYAAYYLVRKNFALAMPYLVEQGFSRGDLGFALSGISIAYGFSKFIMGSVSDRSNPRVFLPAGLILAAAVMLFMGFVPWATSSIAVMFVLLFLCGWFQGMGWPPCGRTMVHWWSQKERGGIVSVWNCAHNVGGGIPPLLFLLGMAWFNDWHAALYMPAFCAILVALFAFAMMRDTPQSCGLPPIEEYKNDYPDDYNEKAEQELTAKQIFMQYVLPNKLLWYIAIANVFVYLLRYGILDWSPTYLKEVKHFALDKSSWAYFLYEYAGIPGTLLCGWMSDKVFRGNRGATGVFFMTLVTIATIVYWMNPAGNPTVDMICMIVIGFLIYGPVMLIGLHALELAPKKAAGTAAGFTGLFGYLGGSVAASAIVGYTVDFFGWDGGFMVMIGGSILAVILLIVVMIGEKRRHEQLLQELVPR#               S  HHHHHHHHHHHHHHHHHHHHHHHHHHTSHHHHHHHTTSSTT SS HHHHHHHHHHHHHHHHHHHHHHHHHS HHHHHHHHHHHHHHHHHHHHH HHHHSSSSHHHHHHHHHHHHHHHTHHHHHHHHHTT TTTHHHHHHHHHHHHHHHHHTSHHHHHHHHHHHT  STT THHHHHHHHHHHHHHHHH   SSTTT   S TTT                  THHHHHHTSS HHHHHHHHHHHHHHHHHHHHHHHHHHHBTTBS   HHHHHHHHHHHHHHHHHHHHHHHHHHHHTSTT HHHHHHHHHHHHHHHHHHTTS  TT HHHHHHHHHHHHHHHTHHHHHHHHHHHHTS TTHHHHHHHHHHHHHHHHHHHHHHHHHHHHHHSS SHHHHHHHHHHHHHHHHHHHHHHHHHHHHHHGGGGGS   
1QQC,A,CRYSTAL STRUCTURE OF AN ARCHAEBACTERIAL DNA POLYMERASE D.TOK,X-RAY DIFFRACTION,TRANSFERASE,DNA POLYMERASE II,Escherichia coli,90561.64,773,39.33,15.91,773,293,8.6,3.07,6.684143066,39.58849935,59.99,4000,11,0.64,440,-0.5340232859,"PEG 400, 11% PEG 4000, 200mM AMMONIUM SULFATE, 10mM MAGNESIUM SULFATE, 100mM TRIS, pH 8.6, 20% MPD, 10mM dithiothreitol VAPOR DIFFUSION, HANGING DROP, temperature 293K","VAPOR DIFFUSION, HANGING DROP",P 21 21 21,Protein,MILDADYITEDGKPVIRVFKKEKGEFKIDYDRDFEPYIYALLKDDSAIEDIKKITAERHGTTVRVTRAERVKKKFLGRPVEVWKLYFTHPQDVPAIRDKIREHPAVVDIYEYDIPFAKRYLIDRGLIPMEGDEELRMLAFDIETLYHEGEEFGEGPILMISYADEEGARVITWKNIDLPYVESVSTEKEMIKRFLKVIQEKDPDVLITYNGDNFDFAYLKKRSEMLGVKFILGRDGSEPKIQRMGDRFAVEVKGRIHFDLYPVIRRTINLPTYTLETVYEPVFGQPKEKVYAEEIARAWESGEGLERVARYSMEDAKATYELGKEFFPMEAQLSRLVGQSLWDVSRSSTGNLVEWFLLRKAYERNDVAPNKPDERELARRTESYAGGYVKEPEKGLWENIVYLDYKSLYPSIIITHNVSPDTLNREGCREYDVAPQVGHRFCKDFPGFIPSLLGDLLEERQKVKKKMKATVDPIERKLLDYRQRAIKILANSYYGYYAYANARWYCRECAESVTAWGRQYIETTMREIEEKFGFKVLYADTDGFFATIPGADAETVKNKAKEFLNYINPRLPGLLELEYEGFYRRGFFVTKKKYAVIDEEDKITTRGLEIVRRDWSEIAKETQARVLEAILKHGDVEEAVRIVKEVTEKLSRHEVPPEKLVIYEQITRDLRSYRATGPHVAVAKRLAARGIKIRPGTVISYIVLKGPGRVGDRAIPFDEFDPAKHRYDAEYYIENQVLPAVERILRAFGYRKEDLRYQKTKQAGLGAWLKPKT# EEEEEEEEETTEEEEEEEEEETTEEEEEEES    EEEEEESSGGGHHHHTT  EEETTEEE    EEEEEEESSSSEEEEEEEE SSTTHHHHHHHHHHTSTTEEEEES    HHHHHHHHTT  SS S     EEEEEEEE   SS  TT S EEEEEEE SS   EEESS    TTEEE SSHHHHHHHHHHHHHHH  SEEEESSTTTTTHHHHTHHHHTTT     STTS   EEEE SSSEEEE TTSEEEEHHHHHHHHS  SS  HHHHHHHHHS        HHHHHHH SSSSHHHHHHHHHHHHHHHHHHHHHHHHHHHHHHHHHTS HHHHTTS HHHHHHHHHHHHHHHTTB       HHHHHHTT             S EEEEEEEEESSHHHHHHHHHT  TTTBT TT SSEEE TTT  EEE SS  HHHHHHHHHHHHHHHHHHHHHH   HHHHHHHHHHHHHHHHHHTTHHHHHT TT TT  HHHHHHHHHHHHHHHHHHHHHHHHHH  EEEEE SS EEEE TT  HHHHHHHHHHHHHHHTTTS TT  EEEEEEEEEEEEEETTEEEEE TT  EEEES S   SS BHHHHHHHHHHHHHHHTT  HHHHHHHHHHHHHHTTTT S GGGG EE              HHHHHTTSSTTTT    TT   EEEE   SSSTT  EEESSS  TTT    HHHHHHTTTGGGTHHHHHTTT  GGG                   
1VDE,A,"PI-SCEI, A HOMING ENDONUCLEASE WITH PROTEIN SPLICING ACTIVITY",X-RAY DIFFRACTION,ENDONUCLEASE,PI-SCEI,Escherichia coli,102009,908,19.93,21.7,454,NA,8.5,2.7,8.088439941,35.79165198,53,6000,4,0.012,240,-0.3678414097,"4% PEG 6K, 10MM BME, 3MM CDCL2, 1MM MGCL2, 100MM TRIS, PH=8.5",NA,P 1 21 1,Protein,CFAKGTNVLMADGSIECIENIEVGNKVMGKDGRPREVIKLPRGRETMYSVVQKSQHRAHKSDSSREVPELLKFTCNATHELVVRTPRSVRRLSRTIKGVEYFEVITFEMGQKKAPDGRIVELVKEVSKSYPISEGPERANELVESYRKASNKAYFEWTIEARDLSLLGSHVRKATYQTYAPILYENDHFFDYMQKSKFHLTIEGPKVLAYLLGLWIGDGLSDRATFSVDSRDTSLMERVTEYAEKLNLCAEYKDRKEPQVAKTVNLYSKVVRGNGIRNNLNTENPLWDAIVGLGFLKDGVKNIPSFLSTDNIGTRETFLAGLIDSDGYVTDEHGIKATIKTIHTSVRDGLVSLARSLGLVVSVNAEPAKVDMNGTKHKISYAIYMSGGDVLLNVLSKCAGSKKFRPAPAAAFARECRGFYFELQELKEDDYYGITLSDDSDHQFLLANQVVVHN# B TT EEEBTTS EEEGGG  TT EEE TTS EEEEEE  EEEEEEEEEEE SS B  SSS S S B  SEEEEETT EEEEEEE  EE             EEEEEEEEEE SSS EEEEEEEEEE   SSS TTHHHHHHHHHHHS SSSEEEEEEEGGGGGGS HHHHHH EEEE        HHHHHHHHSSS   SSHHHHHHHHHHHHHHHB TTSSEEEEESS HHHHHHHHHHHHHTTEEEEEEE SSTTSEEEEEEEE             TT HHHHHHHHTTSEETTEE   GGGGGS HHHHHHHHHHHHHHHEEEE TTS EEEEEES HHHHHHHHHHHHHTT EEEEEEE           S EEEEEEE HHHHHHHHTT  STTT     SS      EEE EEEEEEEEEEEE  EE SSS  EEEBTT BEEE 
2CLS,A,THE CRYSTAL STRUCTURE OF THE HUMAN RND1 GTPASE IN THE ACTIVE GTP BOUND STATE,X-RAY DIFFRACTION,NUCLEOTIDE BINDING PROTEIN,RHO-RELATED GTP-BINDING PROTEIN RHO6,ESCHERICHIA COLI,45309.98,396,38.89,18.43,198,NA,8.5,2.66,5.270568848,53.58484848,54,3350,20,0.2,670,-0.1439393939,"0.2M NAI, 20%(W/V)PEG3350, 0.1M BISTRISPROPANE PH8.5, 10% (V/V) ETHYLENE GLYCOL, 0.5% (V/V) DIMETHYLSULPHOXIDE, pH 8.50",NA,C 2 2 21,Protein,SMRAPQPVVARCKLVLVGDVQCGKTAMLQVLAKDCYPETYVPTVFENYTACLETEEQRVELSLWDTSGSPYYDNVRPLCYSDSDAVLLCFDISRPETVDSALKKWRTEILDYCPSTRVLLIGCKTDLRTDLSTLMELSHQKQAPISYEQGCAIAKQLGAEIYLEGSAFTSEKSIHSIFRTASMLCLNKPSPLPQKSPV#        EEEEEEEEE STTSSHHHHHHHHHHS    S    SEEEEEEEEE SS EEEEEEEEE   GGGTTTGGGGGTT SEEEEEEETT TTTTTTHHHHHHHHHHHH TTS EEEEEE GGGGG HHHHHHHHTTT     HHHHHHHHHHTT S EEE BTTTBHHHHHHHHHHHHHHH             
2HIV,A,ATP-dependent DNA ligase from S. solfataricus,X-RAY DIFFRACTION,LIGASE,Thermostable DNA ligase,Escherichia coli,69999,621,41.55,23.51,621,298,4.5,2.88,6.29876709,38.15590982,57.33,3350,7,0.25,234.5,-0.3043478261,"6-8% PEG 3350, 100mM sodium acetate pH 4.5, 20-80mM sodium/potassium tartrate, VAPOR DIFFUSION, SITTING DROP, temperature 298K","VAPOR DIFFUSION, SITTING DROP",C 2 2 21,Protein,MGSSHHHHHHSSGLVPRGSHMEFKVIAEYFDKLEKISSRLQLTALLADLLSKSDKTIIDKVVYIIQGKLWPDFLGYPELGIGEKFLIKAISIATNTDENSVENLYKTIGDLGEVARRLKSKQQSTGILGFLGTTSKESLTVDEVYSTLSKVALTTGEGSRDLKIRLLAGLLKKADPLEAKFLVRFVEGRLRVGIGDATVLDAMAIAFGGGQSASEIIERAYNLRADLGNIAKIIVEKGIEALKTLKPQVGIPIRPMLAERLSNPEEILKKMGGNAIVDYKYDGERAQIHKKEDKIFIFSRRLENITSQYPDVVDYVSKYIEGKEFIIEGEIVAIDPESGEMRPFQELMHRKRKSDIYEAIKEYPVNVFLFDLMYYEDVDYTTKPLEARRKLLESIVKPNDYVKIAHHIQANNVEDLKSFFYRAISEGGEGVMVKAIGKDAIYQAGARGWLWIKLKRDYQSEMADTVDLVVVGGFYGKGKRGGKISSLLMAAYNPKTDSFESVCKVASGFSDEQLDELQKKLMEIKRDVKHPRVNSKMEPDIWVEPVYVAEIIGSEITISPLHTCCQDVVEKDAGLSIRFPRFIRWRDDKSPEDATTTDEILEMYNKQPKKKIESPAVDESV#                     BTHHHHHHHHHHHH   HHHHHHHHHHHHHTS GGGHHHHHHHTTT SS GGG        HHHHHHHHHHHHT  HHHHHHHHHHH  HHHHHHHHHHT                  BHHHHHHHHHHHHH  STTHHHHHHHHHHHHHHHS HHHHHHHHHHHHT       HHHHHHHHHHHHSSSGGGHHHHHHHHHHS  HHHHHHHHHHH GGGGTT    TTS     EEEE S HHHHHHHTTT EEEEEE SSEEEEEEEETTEEEEE TT  B GGG HHHHHHHHHHB  SSEEEEEEEEEB TTT  B  THHHHHHHH S HHHHHHHS EEEEEEEEEEETTEE TTS HHHHHHHHHHHB   SSEEE  EEEESSHHHHHHHHHHHHHTT  EEEEE  STT    TT EEEEEEEEETT TTSS EEEEEEEEEEEE SGGGTTSEEEEEEEEEETTTTEEEEEEEE BS  HHHHHHHHHHHHTTEESS  TTEE SS  SEEE S  EEEEEESEEEEETT  TTTTTSSTT EEEEES EEEEE TT  GGGS BHHHHHHHHHHS              
2NSF,A,Crystal structure of the mycothiol-dependent maleylpyruvate isomerase,X-RAY DIFFRACTION,ISOMERASE,Hypothetical protein Cgl3021,Escherichia coli BL21(DE3),29093.65,261,53.64,6.51,261,293,8.5,2.92,5.49798584,43.30957854,57.91,0,0,3.6,0,-0.322605364,"1.2M Ammonium Sulfate, 12% glycerol, 0.1M Tris, pH 8.5, VAPOR DIFFUSION, HANGING DROP, temperature 293K","VAPOR DIFFUSION, HANGING DROP",P 32 2 1,Protein,MGSSHHHHHHSSGLVPRGSHMTTFHDLPLEERLTLARLGTSHYSRQLSLVDNAEFGEHSLLEGWTRSHLIAHVAYNAIALCNLMHWANTGEETPMYVSPEARNEEIAYGSTLNPDALRNLHEHSVARLDVAWRETSEDAWSHEVLTAQGRTVPASETLWMRSREVWIHAVDLGAVATFGDIPEVILRTLAAEITQKWTSQGAGEGLVLLDEPSSTRYPAAPGQDEVVVSGSLAGIVRYAAGRGSDGVTSSTGEVPEPPRWL#                       GGGS HHHHHHHHHHHHHHHHHHHHHS GGGTTSB SSTT BHHHHHHHHHHHHHHHHHHHHHHHH     S S HHHHHHHHHHHTTS HHHHHHHHHHHHHHHHHHHHT  TGGGG EEE TTS EEETTHHHHHHHHHHHHHHHHT SS  GGGS HHHHHHHHHHHHHHHHHTT STTEEEEETTTTEEEE S  SS EEEEE HHHHHHHHTTS STTEEETTSS        
2OLV,A,Structural Insight Into the Transglycosylation Step Of Bacterial Cell Wall Biosynthesis : Donor Ligand Complex,X-RAY DIFFRACTION,TRANSFERASE,Penicillin-binding protein 2,Escherichia coli,152442.96,1338,38.19,9.72,669,291,5.5,2.59,6.617004395,36.92484305,52.52,4000,12,1,480,-0.7376681614,"100mM Na citrate, 0.1M NaCl, 0.1M MgCl2, 12% PEG 4000, pH 5.5, VAPOR DIFFUSION, SITTING DROP, temperature 291K","VAPOR DIFFUSION, SITTING DROP",P 21 21 2,Protein,MKAPAFTEAKLQDPIPAKIYDKNGELVKTLDNGQRHEHVNLKDVPKSMKDAVLATEDNRFYEHGALDYKRLFGAIGKNLTGGFGSEGASTLTQQVVKDAFLSQHKSIGRKAQEAYLSYRLEQEYSKDDIFQVYLNKIYYSDGVTGIKAAAKYYFNKDLKDLNLAEEAYLAGLPQVPNNYNIYDHPKAAEDRKNTVLYLMHYHKRITDKQWEDAKKIDLKANLVNRTPEERQNIDTNQDSEYNSYVNFVKSELMNNKAFKDENLGNVLQSGIKIYTNMDKDVQKTLQNDVDNGSFYKNKDQQVGATILDSKTGGLVAISGGRDFKDVVNRNQATDPHPTGSSLKPFLAYGPAIENMKWATNHAIQDESSYQVDGSTFRNYDTKSHGTVSIYDALRQSFNIPALKAWQSVKQNAGNDAPKKFAAKLGLNYEGDIGPSEVLGGSASEFSPTQLASAFAAIANGGTYNNAHSIQKVVTRDGETIEYDHTSHKAMSDYTAYMLAEMLKGTFKPYGSAYGHGVSGVNMGAKTGTGTYGAETYSQYNLPDNAAKDVWINGFTPQYTMSVWMGFSKVKQYGENSFVGHSQQEYPQFLYENVMSKISSRDGEDFKRPSSVSGSIPSINVSGSQDNNTTNRSTHGGSDTSANSSGTAQSNNNTRSQQSRNSGGLTGIFN#              B  EEE TTS EEEE STT SB    STTS HHHHHHHHHHH TT SS SSS SHHHHHHHT              HHHHHHHTTT  S  TTTHHHHHHHHHHHHHHHS HHHHHHHHHHH B STT BSHHHHHHHHH   STT  HHHHHHHHHGGGSHHHH TTT HHHHHHHHHHHHHHHHHTTSS HHHHHHHTTS TTTT     HHHHS     TTGGGHHHHHHHHHHHHSSTTTTSS HHHHTTBT EEEES  HHHHHHHHHHHHH    SSTTEEEEEEEEETTT BEEEEESSTT  TTTS  TTSS EE GGGGHHHHTHHHHHHHH   TTBEEE  S EESSS EE  SS S   EEEHHHHHHTT HHHHHHHHHHHHHHT TTHHHHHHHTTT   SS   HHHHTT TT EE HHHHHHHHHHHHTTSEEE  B EEEEE TTS EEE    EEE S HHHHHHHHHHHGGGSSTTSTTTT   SS   EEEEEEE   HHHHHHTT  TTEESEEEEEEE SSEEEEEEEEESS  GGGTTSEESHHHHTHHHHHHHHHHHHH   S       SSEEEETTEEEETT   TTB                                         
2OST,A,The structure of a bacterial homing endonuclease : I-Ssp6803I,X-RAY DIFFRACTION,hydrolase/DNA,Putative endonuclease,Escherichia coli BL21,87533.15,662,24.92,21.6,151,277,6,4.67,9.65826416,39.71397351,73.69,0,0,0,0,-0.4304635762,"15% to 20% MPD, 100 mM MES buffer, pH 6.0, VAPOR DIFFUSION, HANGING DROP, temperature 277K","VAPOR DIFFUSION, HANGING DROP",I 4 2 2,Protein#DNA,MGSTKLKGDIAQQAAIMRALKMGWGVLKPLGDRLSYDLVFDVEGILLKVQVKSSWKSEKTGNYVVDNRRTRTNRRNIVRSPYRGNDFDFAVAYVEELELFYVFPVDVFISYGSEIHLVETDKRQRKPRSFGYREAWHLILQKGAAQKETSA#   THHHHHHHHHHHHHHHHHTT EEEEESSTTSS SEEEEETTEEEEEEEEE EEETTTTEEEEE SEEE SSSS EEE   TTS SEEEEEETTTTEEEEEEHHHHHTSSSEEEE  SSS SS  TTGGGBT THHHHHHHHTT     
2WXW,A,CRYSTAL STRUCTURE OF HUMAN ANGIOTENSINOGEN,X-RAY DIFFRACTION,HORMONE,ANGIOTENSINOGEN,ESCHERICHIA COLI,49896.5,453,30.46,28.48,453,NA,8,5.7,5.592590332,38.49757174,78,0,0,2.85,0,0.0311258278,"2-2.5N NACL, 0.2M CACL2, 0.1M TRIS-HCL, PH8",NA,P 41 21 2,Protein,SDRVYIHPFHLVIHNESTCEQLAKANAGKPKDPTFIPAPIQAKTSPVDEKALQDQLVLVAAKLDTEDKLRAAMVGMLANFLGFRIYGMHSELWGVVHGATVLSPTAVFGTLASLYLGALDHTADRLQAILGVPWKDKNCTSRLDAHKVLSALQAVQGLLVAQGRADSQAQLLLSTVVGVFTAPGLHLKQPFVQGLALYTPVVLPRSLDFTELDVAAEKIDRFMQAVTGWKTGCSLMGASVDSTLAFNTYVHFQGKMKGFSLLAEPQEFWVDNSTSVSVPMLSGMGTFQHWSDIQDNFSVTQVPFTESACLLLIQPHYASDLDKVEGLTFQQNSLNWMKKLSPRTIHLTMPQLVLQGSYDLQDLLAQAELPAILHTELNLQKLSNDRIRVGEVLNSIFFELEADEREPTESTQQLNKPEVLEVTLNRPFLFAVYDQSATALHFLGRVANPLSTA#     S S TTTB  HHHHHHHHHHTSSSS   EE   BTTS      HHHHHHHHHHHHHS  HHHHHHHHHHHHHHHHHHHHHGGG S TTTS SBSSEE HHHHHHHHHHHHHS  TTHHHHHHHHHT    TT TTTSB HHHHHHHHHHHHHHHS  TTT S   EEEEEEEEEE  TT  EEHHHHHHHHHH S EEE B  TTSHHHHHHHHHHHHHHHH S  S SSTT  SS   EEEEEEEEEEEETTEEE SS   B SSSS  B    EEEEEEEEEE  TTTTEEEEE  BTTTEEEEEEEESS S HHHHHHTTS TTHHHH     EEEEEEEE   EEEEEEEHHHHS TTS HHHHHSSS   SS SS    S  EEEEEEEEEE                 EEEE  S EEEEEEETTTTEE  EEEES      
2XCI,A,"Membrane-embedded monofunctional glycosyltransferase WaaA of Aquifex aeolicus, substrate-free form",X-RAY DIFFRACTION,TRANSFERASE,3-DEOXY-D-MANNO-2-OCTULOSONIC ACID TRANSFERASE,ESCHERICHIA COLI,175305.55,1496,44.92,12.83,374,NA,8.5,2.52,9.418395996,31.52382353,51.27,400,37.5,1.2,150,-0.2270053476,"HANGING-DROP VAPOR-DIFFUSION TECHNIQUE MIXING EQUAL VOLUMES OF PROTEIN SOLUTION (10-15 MG/ML, 25 MM TRIS-HCL, PH 8.7, 0.1 M NACL, 10% GLYCEROL, 2 MM CYMAL-6, 5 MM 2-MERCAPTOETHANOL) AND RESERVOIR (100 MM TRIS-HCL, PH 8.5, 35-40% (V/V) PEG 400, 200 MM NA-CITRATE, 50 MM 2-MERCAPTOETHANOL)",NA,P 1 21 1,Protein,MGHHHHHHHHHHSSGHIEGRHMQFEVLKRFFPKESLKNCKGALWVHTASIGEFNTFLPILKELKREHRILLTYFSPRAREYLKTKSDFYDCLHPLPLDNPFSVKRFEELSKPKALIVVEREFWPSLIIFTKVPKILVNAYAKGSLIEKILSKKFDLIIMRTQEDVEKFKTFGAKRVFSCGNLKFICQKGKGIKLKGEFIVAGSIHTGEVEIILKAFKEIKKTYSSLKLILVPRHIENAKIFEKKARDFGFKTSFFENLEGDVILVDRFGILKELYPVGKIAIVGGTFVNIGGHNLLEPTCWGIPVIYGPYTHKVNDLKEFLEKEGAGFEVKNETELVTKLTELLSVKKEIKVEEKSREIKGCYLEKLREFLRGL#                         HHHHHS  GGGGGGTT EEEE SSHHHHHHHHHHHHHHHHHS EEEEES GGGHHHHHTTGGG SEEEE   SSHHHHHHHHHHH  SEEEEES    HHHHHH  S EEEEEE     HHHHHHHTT SEEEES HHHHHHHHTTT  SEEE   GGG     S    SS EEEEEEE GGGHHHHHHHHHHHHTT TT EEEEEESSGGGHHHHHHHHHHTT  EEETT   SSEEE  SSS HHHHGGGEEEEEE SSSSSS     HHHHTTT  EEE S  TTSHHHHHHHHHTT EEE  SHHHHHHHHHHHHHS     HHHHHHHHHHHHHHHHHHHHH  
2Z6W,A,Crystal structure of human cyclophilin D in complex with cyclosporin A,X-RAY DIFFRACTION,ISOMERASE/IMMUNOSUPPRESSANT,PEPTIDYL-PROLYL CIS-TRANS ISOMERASE,ESCHERICHIA COLI BL21(DE3),38200.21,352,15.06,23.58,165,NA,2.9,2.01,8.898620605,9.346666667,38.65,3350,20,0,670,-0.1872727273,"20% PEG 3350, PH 2.9, VAPOR DIFFUSION, TEMPERATURE 293K",NA,P 21 21 21,Protein,MGNPLVYLDVDANGKPLGRVVLELKADVVPKTAENFRALCTGEKGFGYKGSTFHRVIPSFMCQAGDFTNHNGTGGKSIYGSRFPDENFTLKHVGPGVLSMANAGPNTNGSQFFICTIKTDWLDGKHVVFGHVIEGMDVVKKIESFGSKSGRTSKKIVITDCGQLS#    EEEEEEEETTEEEEEEEEEE TTT HHHHHHHHHHHHTTTS  STT BEEEEETTTEEEE  TTTSSSS   BTTBS B      S   STTEEEE BSSTT B S EEEESS  GGGTTTS EEEEEEE HHHHHHHHHT  TTS  SS EEEEEEEE  
3BF0,A,"Crystal structure of Escherichia coli Signal peptide peptidase (SppA), Native crystals",X-RAY DIFFRACTION,HYDROLASE,Protease 4,Escherichia coli BL21(DE3),255681.2,2372,35.58,16.65,593,291,7.5,2.76,5.851013184,29.61365936,55.4,3350,0,0,0,-0.2359190556,"PEG3350, pH 7.5, vapor diffusion, hanging drop, temperature 291K","vapor diffusion, hanging drop",P 1 21 1,Protein,MGSSHHHHHHSSGLVPRGSHMGGDSKETASRGALLLDISGVIVDKPDSSQRFSKLSRQLLGASSDRLQENSLFDIVNTIRQAKDDRNITGIVMDLKNFAGGDQPSMQYIGKALKEFRDSGKPVYAVGENYSQGQYYLASFANKIWLSPQGVVDLHGFATNGLYYKSLLDKLKVSTHVFRVGTYKSAVEPFIRDDMSPAAREADSRWIGELWQNYLNTVAANRQIPAEQVFPGAQGLLEGLTKTGGDTAKYALENKLVDALASSAEIEKALTKEFGWSKTDKNYRAISYYDYALKTPADTGDSIGVVFANGAIMDGEETQGNVGGDTTAAQIRDARLDPKVKAIVLRVNSPGGSVTASEVIRAELAAARAAGKPVVVSMGGMAASGGYWISTPANYIVANPSTLTGSIGIFGVITTVENSLDSIGVHTDGVSTSPLADVSITRALPPEAQLMMQLSIENGYKRFITLVADARHSTPEQIDKIAQGHVWTGQDAKANGLVDSLGDFDDAVAKAAELAKVKQWHLEYYVDEPTFFDKVMDNMSGSVRAMLPDAFQAMLPAPLASVASTVKSESDKLAAFNDPQNRYAFCLTCANMR#                                EEEE  EEEEES                        EEEHHHHHHHHHHHHH TT   EEEE TEEEE  HHHHHHHHHHHHHHHHTT  EEEEES EEHHHHHHHTTSSEEEE TT  EE    B  EEE HHHHHHTT EEEEEEE TT GGGHHHH SS  HHHHHHHHHHHHHHHHHHHHHHHHHHTS HHHH  HHHHHHHHHHTTTT HHHHHHHTTSSSEE  HHHHHHHHHHHH EETTTTEESEEETTTS        S EEEEEEEEEEEESSSS TTSEEHHHHHHHHHHHHH TTEEEEEEEEEEEEE HHHHHHHHHHHHHHHHTT  EEEEEEEEEETHHHHTTTT SEEEE TT EEE   EEEEEEE HHHHHHTT EEE  BS GGG   TTS   HHHHHHHHHHHHHHHHHHHHHHHHHTT  HHHHHTT TT EEEHHHHHHHTS SEE  HHHHHHHHHHHS S  EEEE                                                                      
3CO6,A,Crystal Structure of FoxO1 DBD Bound to DBE1 DNA,X-RAY DIFFRACTION,Transcription/DNA,DNA (5'-D(*DTP*DGP*DGP*DTP*DTP*DTP*DGP*DTP*DTP*DTP*DAP*DCP*DCP*DTP*DTP*DG)-3'),NA,21100.71,132,34.09,4.55,16,277,7.9,3.04,5.182067871,38.39375,59.56,4000,22,0,880,-0.06875,"22% PEG 4000, pH 7.9, VAPOR DIFFUSION, HANGING DROP, temperature 277K","VAPOR DIFFUSION, HANGING DROP",I 2 2 2,Protein#DNA,TGGTTTGTTTACCTTG#                
3G61,A,Structure of P-glycoprotein Reveals a Molecular Basis for Poly-Specific Drug Binding,X-RAY DIFFRACTION,MEMBRANE PROTEIN,Multidrug resistance protein 1a,NA,286547.68,2568,58.8,5.41,1284,278,7.8,3.72,8.940979004,31.5042134,66.94,400,21.5,0,86,0.0151090343,"20-23% PEG400, 0.05M TRIS, 0.04%  sodium cholate, pH 7.8, VAPOR DIFFUSION, SITTING DROP, temperature 278K","VAPOR DIFFUSION, SITTING DROP",P 21 21 21,Protein,MELEEDLKGRADKNFSKMGKKSKKEKKEKKPAVSVLTMFRYAGWLDRLYMLVGTLAAIIHGVALPLMMLIFGDMTDSFASVGNVSKNSTNMSEADKRAMFAKLEEEMTTYAYYYTGIGAGVLIVAYIQVSFWCLAAGRQIHKIRQKFFHAIMNQEIGWFDVHDVGELNTRLTDDVSKINEGIGDKIGMFFQAMATFFGGFIIGFTRGWKLTLVILAISPVLGLSAGIWAKILSSFTDKELHAYAKAGAVAEEVLAAIRTVIAFGGQKKELERYNNNLEEAKRLGIKKAITANISMGAAFLLIYASYALAFWYGTSLVISKEYSIGQVLTVFFSVLIGAFSVGQASPNIEAFANARGAAYEVFKIIDNKPSIDSFSKSGHKPDNIQGNLEFKNIHFSYPSRKEVQILKGLNLKVKSGQTVALVGNSGCGKSTTVQLMQRLYDPLDGMVSIDGQDIRTINVRYLREIIGVVSQEPVLFATTIAENIRYGREDVTMDEIEKAVKEANAYDFIMKLPHQFDTLVGERGAQLSGGQKQRIAIARALVRNPKILLLDEATSALDTESEAVVQAALDKAREGRTTIVIAHRLSTVRNADVIAGFDGGVIVEQGNHDELMREKGIYFKLVMTQTAGNEIELGNEACKSKDEIDNLDMSSKDSGSSLIRRRSTRKSICGPHDQDRKLSTKEALDEDVPPASFWRILKLNSTEWPYFVVGIFCAIINGGLQPAFSVIFSKVVGVFTNGGPPETQRQNSNLFSLLFLILGIISFITFFLQGFTFGKAGEILTKRLRYMVFKSMLRQDVSWFDDPKNTTGALTTRLANDAAQVKGATGSRLAVIFQNIANLGTGIIISLIYGWQLTLLLLAIVPIIAIAGVVEMKMLSGQALKDKKELEGSGKIATEAIENFRTVVSLTREQKFETMYAQSLQIPYRNAMKKAHVFGITFSFTQAMMYFSYAACFRFGAYLVTQQLMTFENVLLVFSAIVFGAMAVGQVSSFAPDYAKATVSASHIIRIIEKTPEIDSYSTQGLKPNMLEGNVQFSGVVFNYPTRPSIPVLQGLSLEVKKGQTLALVGSSGCGKSTVVQLLERFYDPMAGSVFLDGKEIKQLNVQWLRAQLGIVSQEPILFDCSIAENIAYGDNSRVVSYEEIVRAAKEANIHQFIDSLPDKYNTRVGDKGTQLSGGQKQRIAIARALVRQPHILLLDEATSALDTESEKVVQEALDKAREGRTCIVIAHRLSTIQNADLIVVIQNGKVKEHGTHQQLLAQKGIYFSMVSVQAGAKRSYVHHHHHH#                                 TTHHHHT   HHHHHHHHHHHHHHHHHHHHHHHHHHHHHHHHHHHHHHHHHHHH SS SHHHHHHHHHHHHHHHHHHHHHHHHHHHHHHHHHHHHHHHHHHHHHHHHHHHHHHHHHHHTTSTTHHHHSS SSHHHHHHHHHHHHHHHHHHHHHHHHHHHHHHHHHHHHHHHHTTTTHHHHHHHHHHHHHHHHHHHHHHHHHHHHHHHHHHHHHHHTTT     HHHHHTT    SHHHHHHHHHHHHHHHHHHHHHHHHHHHHHHHHHHHHHHHHHHHHHHHHHTTSSS  S THHHHHHHHHHHHHHHHHHHHHHHHHHHHHHHHHHHHHHH     SS SS  B   S    EEEEEEE   SSTTS  SSSSEEEEE SS EEEEE  SSSSHHHHHHHTTTSS  SEEEEEETTEETTTB HHHHHHHEEEE SS    SSBHHHHHHHHSSS  HHHHHHHHHHTT HHHHHHSTTGGG B SSSS SS HHHHHHHHHHHHHHH  SEEEEESTTSSS HHHHHHHHHHHHHHSSSSEEEEE S HHHHHT SEEEE SSS    EE HHHHHTTTSHHHHHHHHH                                                               S   TTHHHHHHHHH    HHHHHHHHHHHHHHHHHHHHHHHHHHHHHSS STTHHHHHHHHHHHHHHHHHHHHHHHHHHHHHHHHHHHHHHHHHHHHHHHHHHHT  THHHHS SS HHHHHHHHHHHHHHHHHHHHHHHHHHHHHHHHHHHHHHHHHHS SSHHHHHHHHHHHHHHHHHHHHHHHHHHHHHHHHHHHHHHHHHHHHHHT TTTTT SSHHHHHHHHHHHHHHHHHHHHHHHHHHHHHHHHHHHHHHHHHHHHHHHHH   SSS S STTHHHHHHHHHHHHHHHHHHHSSS  SHHHHHHHHHHHHHHH    SSS  S    TT     EEEEEEEB  S GGG  SB S  EEE SSSEEEEE SSSTTHHHHHHHHHTSS  SEEEEESSSS BTSS HHHHTTS  EE SS    SSBHHHHHT   SS    HHHHHHHHHHTSTHHHHHSSSSSS  B STTT SS HHHHHHHHHHHHHHH  SEEEEES SSS  HHHHHHHHHHHHHSSSSSEEEEE S SSTTSS SEEEEEETTEEEEEE HHHHHHSTTHHHHHHHHH              
3G73,A,Structure of the FOXM1 DNA binding,X-RAY DIFFRACTION,TRANSCRIPTION/DNA,Forkhead box protein M1,Escherichia coli,46133.11,326,27.3,5.52,142,291,7.5,3.1,9.738342285,53.99788732,60.38,3350,24,0.6,804,-0.8366197183,"24% PEG3350, 0.2M Sodium Malonate, pH7.5, 3uL Protein at 12g/L mixed with DNA at 0.5mM added tO 3uL of reservoir, VAPOR DIFFUSION, HANGING DROP, temperature 291K","VAPOR DIFFUSION, HANGING DROP",C 2 2 21,Protein#DNA,GPGPSRPSASWQNSVSERPPYSYMAMIQFAINSTERKRMTLKDIYTWIEDHFPYFKHIAKPGWKNSIRHNLSLHDMFVRETSANGKVSFWTIHPSANRYLTLDQVFKPLDPGSPQLPEHLESQQKRPNPELRRNMTIKTELP#              TTS  SS HHHHHHHHHHTSTTSEE HHHHHHHHHHH THHHHTS TTHHHHHHHHHHH TTEEEEE TTS  EEEEE TTT                                              
3I27,A,Structure of bovine torovirus Hemagglutinin-Esterase in complex with receptor,X-RAY DIFFRACTION,HYDROLASE,Hemagglutinin-esterase,Homo sapiens,177704.62,1536,15.23,24.35,384,291,8.5,3.05,5.101989746,56.38945313,59.62,3350,25,0.6,837.5,-0.2739583333,"0.2M sodium malonate, 0.1M Bis-Tris propane, pH 8.5, 25% (w/v) PEG 3350, VAPOR DIFFUSION, HANGING DROP, temperature 291.0K","VAPOR DIFFUSION, HANGING DROP",P 21 21 21,Protein,ATPVTPYYGPGHITFDWCGFGDSRSDCTNPQSPMSLDIPQQLCPKFSSKSSSSMFLSLHWNNHSSFVSYDYFNCGVEKVFYEGVNFSPRKQYSCWDEGVDGWIELKTRFYTKLYQMATTSRCIKLIQLQAPSSLPTLQAGVCRTNKQLPDNPRLALLSDTVPTSVQFVLPGSSGTTICTKHLVPFCYLNHGCFTTGGSCLPFGVSYVSDSFYYGYYDATPQIGSTESHDYVCDYLFMEPGTYNASTVGKFLVYPTKSYCMDTMNITVPVQAVQSIWSEQYASDDAIGQACKAPYCIFYNKTTPYTVTNGSDANHGDDEVRMMMQGLLRNSSCISPQGSTPLALYSTEMIYEPNYGSCPQFYKLFDTSGNENIDVISSSDPLVPR#   B  BSS   SSS EEEEESGGG TTSTTTTTT SS GGGGGGEEE TT  HHHHHH   BTTB     EEE SEEEEE  TTSSGGG   SSTTHHHHHHHHHHHHHHHHHHHHTT SEEEEEE    SS   EEE   TT S   SSSEEEEESS   EEEEEEE SEETTEE SEEEEEEEEE SS EEETTEEE EEEEEEETTEEEEEEE            EEEEEEEE SEEEEEEESSSEEEE SEEEEE   SS   EEEE     TTS    HHHHHS TTTEEEE  SS   EEEEEETTEEEHHHHHHHGGGGS  SEEETTEEE S SEESS   SS EES  EEGGGG  SS                
3KKV,A,Structure of PKA with a protein Kinase B-selective inhibitor.,X-RAY DIFFRACTION,TRANSFERASE/TRANSFERASE INHIBITOR,cAMP-dependent protein kinase catalytic subunit alpha,Escherichia coli,43476.77,370,38.11,10.81,350,294,6.4,2.57,8.717712402,29.73831429,52.16,0,0,0.1,0,-0.4071428571,"Protein stock was at 20mg/ml in 25mM Mes-Bis Tris, pH 6.4, 75mM LiCl, 0.1M EDTA, 1mM DTT.      The final concentration of inhibitor in the protein solution was 1mM from a 100mM stock solution of compound dissolved in DMSO.The protein was reacted with inhibitor on ice for 6 hours prior to crystallization.The final concentration of PKI in the protein solution was 2mM from stock 100mM dissolved in water.  The final concentration of MEGA8 in the protein solution was 1.5mM from 225mM stock diluted from 790mM in the Hampton additive kit with water.  Two microliters of protein were added to 0.35 microliters of 10% glycerol in buffer and put in sitting drops over 15% methanol diluted with water at 4C.  Cryo was 100mM MES pH6.4, 100mM LiCl, 25% MeOH, 20% MPD., VAPOR DIFFUSION, SITTING DROP, temperature 294K","VAPOR DIFFUSION, SITTING DROP",P 21 21 21,Protein,GNAAAAKKGSEQESVKEFLAKAKEDFLKKWENPAQNTAHLDQFERIKTLGTGSFGRVMLVKHMETGNHYAMKILDKQKVVKLKQIEHTLNEKRILQAVNFPFLVKLEFSFKDNSNLYMVMEYVPGGEMFSHLRRIGRFSEPHARFYAAQIVLTFEYLHSLDLIYRDLKPENLLIDQQGYIQVTDFGFAKRVKGRTWTLCGTPEYLAPEIILSKGYNKAVDWWALGVLIYEMAAGYPPFFADQPIQIYEKIVSGKVRFPSHFSSDLKDLLRNLLQVDLTKRFGNLKNGVNDIKNHKWFATTDWIAIYQRKVEAPFIPKFKGPGDTSNFDDYEEEEIRVSINEKCGKEFSEF#             HHHHHHHHHHHHHHHHHHS       GGGEEEEEEEEE SS EEEEEEETTTTEEEEEEEEEHHHHHHTT HHHHHHHHHHHTT   TTB  EEEEEE SSEEEEEEE  TT BHHHHHHHH    HHHHHHHHHHHHHHHHHHHHTTEE    SGGGEEE TTS EEE   TT EE SS B   EE GGG  HHHHTT  B THHHHHHHHHHHHHHHHSS SS  SSHHHHHHHHHHT     TTS HHHHHHHHHHS S TTTSTTSSTTTTHHHHTSGGGTT  HHHHHTT S  S       TT  TTS           SS  STTTTTT 
3L2P,A,Human DNA Ligase III Recognizes DNA Ends by Dynamic Switching Between Two DNA Bound States,X-RAY DIFFRACTION,LIGASE/DNA,DNA ligase 3,Escherichia coli,78875.06,621,34.3,18.52,579,295,5.6,4.06,8.554504395,34.05303972,69.68,0,0,5.5,0,-0.3537132988,"1.8 M ammonium sulfate, 0.1M sodium acetate pH 5.6, VAPOR DIFFUSION, temperature 295K",VAPOR DIFFUSION,P 41 21 2,Protein#DNA,HMRHKDCLLREFRKLCAMVADNPSYNTKTQIIQDFLRKGSAGDGFHGDVYLTVKLLLPGVIKTVYNLNDKQIVKLFSRIFNCNPDDMARDLEQGDVSETIRVFFEQSKSFPPAAKSLLTIQEVDEFLLRLSKLTKEDEQQQALQDIASRCTANDLKCIIRLIKHDLKMNSGAKHVLDALDPNAYEAFKASRNLQDVVERVLHNAQEVEKEPGQRRALSVQASLMTPVQPMLAEACKSVEYAMKKCPNGMFSEIKYDGERVQVHKNGDHFSYFSRSLKPVLPHKVAHFKDYIPQAFPGGHSMILDSEVLLIDNKTGKPLPFGTLGVHKKAAFQDANVCLFVFDCIYFNDVSLMDRPLCERRKFLHDNMVEIPNRIMFSEMKRVTKALDLADMITRVIQEGLEGLVLKDVKGTYEPGKRHWLKVKKDYLNEGAMADTADLVVLGAFYGQGSKGGMMSIFLMGCYDPGSQKWCTVTKCAGGHDDATLARLQNELDMVKISKDPSKIPSWLKVNKIYYPDFIVPDPKKAAVWEITGAEFSKSEAHTADGISIRFPRCTRIRDDKDWKSATNLPQLKELYQLSK#   SGGGBHHHHHHHHHHHHT   HHHHHHHHHHHHH           HHHHHHHH TTTS    S  HHHHHHHHHHHHTS HHHHHHHGGGS HHHHHHHHHHS SSS   SS   BHHHHHHHHHHHHT  SHHHHHHHHHHHHTT  SHHHHHHHHHHTT  SSS  HHHHHHTT TTHHHHHHHS  HHHHHHHHHHHHHS                TTS     EEEE   HHHHHHH TT EEEEE   SEEEEEEEETTEEEEE TTS B  GGGTTTGGGTHHHHSTT SEEEEEEEEEEB TTT  B  GGGGSHHHHHH SS  EEEEEEEEEEETTEE TTS HHHHHHHHHHH   BTTTEEE  EEEE SHHHHHHHHHHHHHTT   EEEEESS    TT EEEEEE TTT       EEEEEEEEEEE   TTS SS  EEEEEEE TTTSSEEEEEEE TT  HHHHHHTTTSS                                  EEEEEEES EEE TTSSSTTEEESS EE    SS  SSSS BHHHHHHHHHT  
3N7P,A,"Crystal structure of the ectodomain complex of the CGRP receptor, a Class-B GPCR, reveals the site of drug antagonism",X-RAY DIFFRACTION,MEMBRANE PROTEIN,Calcitonin gene-related peptide type 1 receptor,Escherichia coli,99837.33,844,40.05,5.21,115,298,6.5,4.61,4.514221191,36.59217391,73.31,0,0,3.65,0,-0.8956521739,"1-1.3M ammonium sulfate, 6-8% dioxane, 60-80mM MES pH 6.5, 10mM Tris pH8.5 and 200mM sodium nitrate.  The crystals were transfered to 2.1M NaMalonate (pH 7.0) prior to freezing in liquid nitrogen., VAPOR DIFFUSION, HANGING DROP, temperature 298K","VAPOR DIFFUSION, HANGING DROP",P 32 2 1,Protein,GSHMELEESPEDSIQLGVTRNKIMTAQYECYQKIMQDPIQQAEGVYCNRTWDGWLCWNDVAAGTESMQLCPDYFQDFDPSEKVTKICDQDGNWFRHPASNRTWTNYTQCNVNTHE#            S SSSHHHHHHHHHHHHHHHHHTTS     SS EE  EE SS EE  EESSEEEEEE  TT TTS TTSEEEEEE TTS B B TTT  B  B TT       
3O7Q,A,"Crystal structure of a Major Facilitator Superfamily (MFS) transporter, FucP, in the outward conformation",X-RAY DIFFRACTION,Transport Protein,L-fucose-proton symporter,Escherichia coli,47881.5,438,80.14,0,438,291,6.4,4.26,8.953063965,37.838379,71.12,400,34,0.35,136,0.7050228311,"34% PEG400, 0.1M cacodylate, 0.1M MgCl2, 0.05M NaF, pH 6.4, VAPOR DIFFUSION, HANGING DROP, temperature 291K","VAPOR DIFFUSION, HANGING DROP",P 32 2 1,Protein,MGNTSIQTQSYRAVDKDAGQSRSYIIPFALLCSLFFLWAVANNLNDILLPQFQQAFTLTNFQAGLIQSAFYFGYFIIPIPAGILMKKLSYKAGIITGLFLYALGAALFWPAAEIMNYTLFLVGLFIIAAGLGCLETAANPFVTVLGPESSGHFRLNLAQTFNSFGAIIAVVFGQSLILSNVPHQSQDVLDKMSPEQLSAYKHSLVLSVQTPYMIIVAIVLLVALLIMLTKFPALQSDNHSDAKQGSFSASLSRLARIRHWRWAVLAQFCYVGAQTACWSYLIRYAVEEIPGMTAGFAANYLTGTMVCFFIGRFTGTWLISRFAPHKVLAAYALIAMALCLISAFAGGHVGLIALTLCSAFMSIQYPTIFSLGIKNLGQDTKYGSSFIVMTIIGGGIVTPVMGFVSDAAGNIPTAELIPALCFAVIFIFARFRSQTATN#                      TTHHHHHHHHHHHHHHHHHHHHHHHHHHHHHHHS   SHHHHHHHHHHHHHHHTTHHHHHHHHHHS HHHHHHHHHHHHHHHHHHHHHHHHTT HHHHHHHHHHHHHHHHHHHHHHHHHHHHSS STTHHHHHHHHHHHHHHHHHHHHHHTTHHHHTSS    HHHHHHS HHHHHHHHHHHHHHHHHHHHHHHHHHHHHHHHHHH      TTT    SSTTSHHHHHHHHTT SHHHHHHHHHHHHHHHHHHHHHHHHHHHHHHSTT  HHHHHHHHHHHHHHHHHHHHHHHHHHHHS HHHHHHHHHHHHHHHHHHHHH  HHHHHHHHHHHHHHHTTHHHHHHHHHHSS GGGHHHHHHHHHHTTHHHHHHHHHHHHHHHHHTSSGGGGHHHHHHHHHHHHHHTT       
3P1Z,A,Crystal structure of the Aperopyrum pernix RNA splicing endonuclease,X-RAY DIFFRACTION,HYDROLASE,Putative uncharacterized protein,Escherichia coli,235369.79,2136,32.54,22.75,170,293,5.6,3.49,8.690368652,21.69,64.8,0,0,4.35,0,-0.0235294118,"0.25M ammonium sulfate, 0.1M sodium citrate, 0.9M lithium sulfate, 1mM magnesium chloride, pH 5.6, VAPOR DIFFUSION, HANGING DROP, temperature 293K","VAPOR DIFFUSION, HANGING DROP",P 31,Protein,MGKGEGEVAGCKAAARLGVEGVFVEECFDGSYCRNLERIGYLRKGRLEPLEAAYQASRGMLCMGETRGWAAAVEVIAGLGLSLDTALVYFDLRRKGRKPLVGVRRGTLVYEHGGRVYEVLVLSEGYPLKIGSLVEWSRGASMDNHSPIVAIVDRTGLITYYEARAVRSIQ#        TT S EEEEETTEEEEEE SSHHHHHHHHHSSSEETTEE HHHHHHHHHTT  BBTTB HHHHHHHHHHHHT  HHHHHHHHHHHHHT   EE SSTTEEEEEETTEEEEEEEEETT  EEHHHHHHHHHHHHHTT EEEEEEE TTS EEEEEEEEESS  
3QS4,A,Crystal structure of LeuT mutant F259V bound to sodium and L-tryptophan,X-RAY DIFFRACTION,TRANSPORT PROTEIN,Na(+):neurotransmitter symporter (Snf family),Escherichia coli,59565.88,519,76.69,0.39,519,293,7,2.76,8.958435059,25.74473988,55.37,550,25,0.2,137.5,0.7358381503,"0.1M HEPES, 0.2 M NaCl, 24-26 % PEG-MME 550, 0.05 M L-tryptophan, pH 7, VAPOR DIFFUSION, HANGING DROP, temperature 293K","VAPOR DIFFUSION, HANGING DROP",C 1 2 1,Protein,MEVKREHWATRLGLILAMAGNAVGLGNFLRFPVQAAENGGGAFMIPYIIAFLLVGIPLMWIEWAMGRYGGAQGHGTTPAIFYLLWRNRFAKILGVFGLWIPLVVAIYYVYIESWTLGFAIKFLVGLVPEPPPNATDPDSILRPFKEFLYSYIGVPKGDEPILKPSLFAYIVFLITMFINVSILIRGISKGIERFAKIAMPTLFILAVFLVIRVFLLETPNGTAADGLNFLWTPDFEKLKDPGVWIAAVGQIFFTLSLGVGAIITYASYVRKDQDIVLSGLTAATLNEKAEVILGGSISIPAAVAFFGVANAVAIAKAGAFNLGFITLPAIFSQTAGGTFLGFLWFFLLFFAGLTSSIAIMQPMIAFLEDELKLSRKHAVLWTAAIVFFSAHLVMFLNKSLDEMDFWAGTIGVVFFGLTELIIFFWIFGADKAWEEINRGGIIKVPRIYYYVMRYITPAFLAVLLVVWAREYIPKIMEETHWTVWITRFYIIGLFLFLTFLVFLAERRRNHESAGTLVPR#        S HHHHHHHHHHHH SHHHHTHHHHHHHHTTGGGGHHHHHHHHHHTHHHHHHHHHHHHHHHHTTT  SHHHHHHHHS SHHHHHHHHHHHHHHHHHHHHHHHHHHHHHHHHHHHHTT S         HHHHHHHHHHHHHHHHT  SSSS B    HHHHHHHHHHHHHHHHHHTT TTTTHHHHHHHHHHHHHHHHHHHHHHHHH EETTEEHHHHHHHHHS  TTTTS HHHHHHHHHHHHHHTTTTSSHHHHHHTTS TTS  HHHHHHHHHHHHHHHHTTGGGSHHHHHHHHH GGGHHHHHHT HHHHHHTHHHHHHTTSTTHHHHHHHHHHHHHHHHHHHHHHHHHHHHHHHHHTS   HHHHHHHHHHHHHHHHHHHHHBTTHHHHHHHHTTTHHHHHHHHHHHHHHHTTT HHHHHHHHHTT SS   TTHHHHHHTHHHHHHHHHHHHHHHTTHHHHHHSS TTHHHHHHHHHHHHHHHHHHHHHHHHHHHH         
3QS5,A,Crystal structure of LeuT mutant I359Q bound to sodium and L-tryptophan,X-RAY DIFFRACTION,TRANSPORT PROTEIN,Na(+):neurotransmitter symporter (Snf family),Escherichia coli,59220.43,519,79.38,0,519,293,7,2.78,8.958435059,25.9083237,55.76,550,20,0.2,110,0.7177263969,"0.1M HEPES, 0.2M NaCl, 20% PEG-MME 550, 0.05M L-tryptophan, pH 7, VAPOR DIFFUSION, HANGING DROP, temperature 293K","VAPOR DIFFUSION, HANGING DROP",C 1 2 1,Protein,MEVKREHWATRLGLILAMAGNAVGLGNFLRFPVQAAENGGGAFMIPYIIAFLLVGIPLMWIEWAMGRYGGAQGHGTTPAIFYLLWRNRFAKILGVFGLWIPLVVAIYYVYIESWTLGFAIKFLVGLVPEPPPNATDPDSILRPFKEFLYSYIGVPKGDEPILKPSLFAYIVFLITMFINVSILIRGISKGIERFAKIAMPTLFILAVFLVIRVFLLETPNGTAADGLNFLWTPDFEKLKDPGVWIAAVGQIFFTLSLGFGAIITYASYVRKDQDIVLSGLTAATLNEKAEVILGGSISIPAAVAFFGVANAVAIAKAGAFNLGFITLPAIFSQTAGGTFLGFLWFFLLFFAGLTSSIAQMQPMIAFLEDELKLSRKHAVLWTAAIVFFSAHLVMFLNKSLDEMDFWAGTIGVVFFGLTELIIFFWIFGADKAWEEINRGGIIKVPRIYYYVMRYITPAFLAVLLVVWAREYIPKIMEETHWTVWITRFYIIGLFLFLTFLVFLAERRRNHESAGTLVPR#        S HHHHHHHHHHHHSSHHHHTHHHHHHHHTTTHHHHHHHHHHHHHTHHHHHHHHHHHHHHHHHTT  SHHHHHHHHS  HHHHHHHTHHHHHHHHHHHHHHHHHHHHHHHHHHHHTT           HHHHHHHHHHHHHHHTT  SSSS B    HHHHHHHHHHHHHHHHHHTT TTTTHHHHHHHHHHHHHHHHHHHHHHHHH B SS BHHHHHHHHHS  SGGGGSHHHHHHHHHHHHHHHTTTSSHHHHHHTTS TTS  HHHHHHHHHHHHHHHHTTHHHHHHHHHHHHH HHHHHHHHHH TTHHHHTHHHHHHHHSTTHHHHHHHHHHHHHHHHHHHHHHHHHHHHHHHHHHH   HHHHHHHHHHHHHHHHHHHHHBTTHHHHHHHHHTTHHHHHHHHHHHHHHHTTT HHHHHHHHHTT SS   HHHHHHHHTHHHHHHHHHHHHHHHHHTTTTTTS  TTHHHHHHHHHHHHHHHHHHHHHHHHHHHHHHHT     
3RDJ,A,Rat PKC C2 domain Apo,X-RAY DIFFRACTION,TRANSFERASE,Protein kinase C alpha type,Escherichia coli,16045.4,137,11.68,38.69,137,298,7.5,2.74,8.726135254,34.13284672,55.07,3350,20,0,670,-0.8941605839,"20% PEG3350, pH 7.5, VAPOR DIFFUSION, HANGING DROP, temperature 298K","VAPOR DIFFUSION, HANGING DROP",P 32 2 1,Protein,TEKRGRIYLKAEVTDEKLHVTVRDAKNLIPMDPNGLSDPYVKLKLIPDPKNESKQKTKTIRSTLNPQWNESFTFKLKPSDKDRRLSVEIWDWDRTTRNDFMGSLSFGVSELMKMPASGWYKLLNQEEGEYYNVPIPE#     EEEEEEEEETTEEEEEEEEEES    STTS   EEEEEEEES TT    EE     S SS EEEEEEEEE  GGGGG EEEEEEEE  SSS  EEEEEEEEEHHHHHHS EEEEEE B HHHHTT   B   
3RP9,A,"Crystal Structure of the apo MapK from Toxoplasma Gondii, 25.m01780 or TGME49_007820",X-RAY DIFFRACTION,TRANSFERASE,Mitogen-activated protein kinase,Escherichia coli,52834.66,458,31.22,5.46,458,293,5.5,2.01,7.411682129,45.65764192,38.76,3350,25,0.78,837.5,-0.4716157205,"25% PEG3350, 0.1 M ammonium sulfate, 0.1 M Bis-Tris, pH 5.5, 10 mM magnesium chloride, 10 mM TCEP, cryoprotectant: 15% glycerol, VAPOR DIFFUSION, SITTING DROP, temperature 293K","VAPOR DIFFUSION, SITTING DROP",P 1 21 1,Protein,GSSHEAAAAQQHNSGTQHTVSGSQQEGQQRKQHHSSKPTASMPRPHSDWQIPDRYEIRHLIGTGSYGHVCEAYDKLEKRVVAIKKILRVFEDLIDCKRILREIAILNRLNHDHVVKVLDIVIPKDVEKFDELYVVLEIADSDFKKLFRTPVYLTELHIKTLLYNLLVGVKYVHSAGILHRDLKPANCLVNQDCSVKVCDFGLARTVDYPENGNSQLPISPREDDMNLVTFPHTKNLKRQLTGHVVTRWYRAPELILLQENYTEAIDVWSIGCIFAELLNMIKENVAYHADRGPLFPGSSCFPLSPDQKAGNDFKFHTRGNRDQLNVIFNILGTPSEEDIEALEKEDAKRYIRIFPKREGTDLAERFPASSADAIHLLKRMLVFNPNKRITINECLAHPFFKEVRIAEVETNATEKVRLPFNDWMNMDEPQLRYAFVKEIQRYHPEIQLPRRSPNRASS#                                              SS  S TTEEE           EEEEEE     EEEEEEE STTSSHHHHHHHHHHHHHHHH   TTB  EEEE   S TTT   EEEEE   SEEHHHHHHSS    HHHHHHHHHHHHHHHHHHHHTT B     GGGEEE TT  EEE   TT B TTS TT                                    TT  HHHHTT     THHHHHHHHHHHHHHHTTSTTT SSGGG   S                       HHHHHHHHHHHHHH    HHHHHTSS HHHHHHHTTS       GGGGSTTS HHHHHHHHHHS SSTTTS  HHHHHHSGGGTTT  GGG    SS    SS TTS   HHHHHHHHHHHHTTT TT             
3TH5,A,Crystal structure of wild-type RAC1,X-RAY DIFFRACTION,SIGNALING PROTEIN,Ras-related C3 botulinum toxin substrate 1,Escherichia coli,46561.4,408,36.76,18.63,204,294,7.5,2.26,6.74432373,26.85539216,45.65,4000,7,0,280,-0.1955882353,"22% PEG4000, 7% isopropanol, 0.1M HEPES, pH 7.5, VAPOR DIFFUSION, HANGING DROP, temperature 294K","VAPOR DIFFUSION, HANGING DROP",P 1 21 1,Protein,MGSSHHHHHHSSGLVPRGSHMENLYFQGQAIKCVVVGDGAVGKTCLLISYTTNAFPGEYIPTVFDNYSANVMVDGKPVNLGLWDTAGQEDYDRLRPLSYPQTDVFLICFSLVSPASFENVRAKWYPEVRHHCPNTPIILVGTKLDLRDDKDTIEKLKEKKLTPITYPQGLAMAKEIGAVKYLECSALTQRGLKTVFDEAIRAVL#                             EEEEEEEESTTSSHHHHHHHHHHS   SS    SEEEEEEEEEETTEEEEEEEEEE  SGGGTTTGGGG TT SEEEEEEETT HHHHHHHHHTHHHHHHHH SSS EEEEEE GGGGG HHHHHHHHTTT     HHHHHHHHHHTT SEEEE  TTT TTHHHHHHHHHHTT 
3TVD,A,Crystal Structure of Mouse RhoA-GTP complex,X-RAY DIFFRACTION,SIGNALING PROTEIN,Transforming protein RhoA,Escherichia coli,44753.7,386,40.16,17.36,193,298,4.6,2.59,5.827697754,52.72694301,52.55,4000,30,0.3,1200,-0.3663212435,"0.2M Ammonium acetate, 0.1M Sodium acetate (pH4.6), 30% Polyethylene glycol 4000, VAPOR DIFFUSION, HANGING DROP, temperature 298K","VAPOR DIFFUSION, HANGING DROP",C 2 2 2,Protein,MAAIRKKLVIVGDGACGKTCLLIVFSKDQFPEVYVPTVFENYVADIEVDGKQVELALWDTAGQEDYDRLRPLSYPDTDVILMCFSIDSPDSLENIPEKWTPEVKHFCPNVPIILVGNKKDLRNDEHTRRELAKMKQEPVKPEEGRDMANRIGAFGYMECSAKTKDGVREVFEMATRAALQARRGKKKSGCLIL#   EEEEEEEEESTTSSHHHHHHHHHHSS   S   SS    EEEEEETTEEEEEEEE    SSHHHHHGGGS TT SEEEEEEETTBHHHHHHHHHTHHHHHHHHSTT  EEEEEE GGGSS HHHHHHHHHTT     HHHHHHHHHHHT SEEEE BTTTTBTHHHHHHHHHHHHH              
3V8J,A,Crystal structure of Staphylococcus aureus biotin protein ligase,X-RAY DIFFRACTION,LIGASE,Biotin ligase,Escherichia coli,38015.2,329,35.56,22.8,329,277,7.5,2.18,6.238830566,39.16778116,43.54,8000,10,0,800,-0.4240121581,"10% PEG 8000, 10% glycerol, pH 7.5, VAPOR DIFFUSION, HANGING DROP, temperature 277K","VAPOR DIFFUSION, HANGING DROP",P 1 21 1,Protein,HHHHHHMSKYSQDVLQLLYKNKPNYISGQSIAESLNISRTAVKKVIDQLKLEGCKIDSVNHKGHLLQQLPDIWYQGIIDQYTKSSALFDFSEVYDSIDSTQLAAKKSLVGNQSSFFILSDEQTKGRGRFNRHWSSSKGQGLWMSVVLRPNVAFSMISKFNLFIALGIRDAIQHFSQDEVKVKWPNDIYIDNGKVCGFLTEMVANNDGIEAIICGIGINLTQQLENFDESIRHRATSIQLHDKNKLDRYQFLERLLQEIEKRYNQFLTLPFSEIREEYIAASNIWNRTLLFTENDKQFKGQAIDLDYDGYLIVRDEAGESHRLISADIDF#        HHHHHHHHHHHHHTTS B HHHHHHHHT  HHHHHHHHHHHHHTT EEEEETTTEEEEEE  SS  HHHHHHHHHT SS SEEEEEEE S HHHHHHHHTTT    EEEEEEE                  EEEEEEEE     TTSGGGHHHHHHHHHHHHHHTT SS EEEETTTEEEETTEEEEEEEEEEEE SSSEEEEEEEEEEE S  GGGT TTTGGGB  SGGG SS   HHHHHHHHHHHHHHHHHHHHHS GGGTHHHHHHTBS SSS EEEE    EEEEEEEEE TTS EEEEETT  EEEESS EEE 
3VMT,A,Crystal structure of Staphylococcus aureus membrane-bound transglycosylase in complex with a Lipid II analog,X-RAY DIFFRACTION,TRANSFERASE,Monofunctional glycosyltransferase,Escherichia coli,62511.1,526,53.8,0.38,263,277,8,2.81,9.571472168,47.20277567,56.28,4000,25,0.3,1000,-0.544486692,"100mM MgCl2, 100mM HEPES, 25% PEG400, pH 8.0, VAPOR DIFFUSION, HANGING DROP, temperature 277K","VAPOR DIFFUSION, HANGING DROP",P 21 21 21,Protein,MGSSHHHHHHSSGLVPRGSHMQPVGKPPKKKKSKRILLKILLTILIIIALFIGIMYFLSTRDNVDELRKIENKSSFVSADNMPEYVKGAFISMEDERFYNHHGFDLKGTTRALFSTISDRDVQGGSTITQQVVKNYFYDNDRSFTRKVKELFVAHRVEKQYNKNEILSFYLNNIYFGDNQYTLEGAANHYFGTTVNKNSTTMSHITVLQSAILASKVNAPSVYNINNMSENFTQRVSTNLEKMKQQNYINETQYQQAMSQLNR#                                    TTHHHHHHHHHHHHHHHHHHHHHS S GGGGGGGGGSTT   GGGS HHHHHHHHHHH TTTTTSSS  HHHHHTTTT             HHHHHHHHHH SS   SHHHHHHHHHHHHHHHHS HHHHHHHHHTSS  STT  SHHHHHHHHHS B  TT  SS B  HHHHHHHHHHHHS TT  TTS  HHHHHHHHHHHHHHHHTTSS HHHHHHHHHHTT 
3U9J,A,Crystal structure of oxidized human FBXL5 hemerythrin like domain,X-RAY DIFFRACTION,PROTEIN BINDING,F-box/LRR-repeat protein 5,Escherichia coli,39340.39,320,NA,NA,160,277,7.5,2.13,5.774108887,49.805625,42.22,3350,15,0,502.5,-0.64375,"15% PEG 3350, pH 7.5, VAPOR DIFFUSION, HANGING DROP, temperature 277K","VAPOR DIFFUSION, HANGING DROP",P 21 21 2,Protein,MAPFPEEVDVFTAPHWRMKQLVGLYCDKLSKTNFSNNNDFRALLQSLYATFKEFKMHEQIENEYIIGLLQQRSQTIYNVHSDNKLSEMLSLFEKGLKNVKNEYEQLNYAKQLKERLEAFTRDFLPHMKEEEEVFQPMLMEYFTYEELKDIKKKVIAQHCS# GGG SSHHHHHHHHHHHHHHHHHHHH TTSHHHHHHHHHHHHHHHHHHHHHHHHHHHHTHHHHHHHH SS S TTHHHHHHHHHHHHHH SHHHHHHHHHHHHHHHHHHHHHHHHHHHHHHHTHHHHHHHHS HHHHHHHHHHHHHHHT
4COX,A,"CYCLOOXYGENASE-2 (PROSTAGLANDIN SYNTHASE-2) COMPLEXED WITH A NON-SELECTIVE INHIBITOR, INDOMETHACIN",X-RAY DIFFRACTION,OXIDOREDUCTASE,CYCLOOXYGENASE-2,Spodoptera frugiperda,275829.28,2348,37.56,2.39,587,NA,8,2.54,6.858825684,39.19541738,52,550,27,0.12,148.5,-0.3587734242,"20 MM SODIUM PHOSPHATE, 100 MM NACL, 0.6% BETA- OCTYLGLUCOSIDE, 10 MG/ML PROTEIN, 1MM INHIBITOR MIXED WITH A RESERVOIR SOLUTION CONTAINING 20-34% MONOMETHYL PEG 550, 10-240 MGCL2, 50 MM EPPS PH 8.0 IN THE RATIO OF 1:1",NA,P 21 21 2,Protein,ANPCCSNPCQNRGECMSTGFDQYKCDCTRTGFYGENCTTPEFLTRIKLLLKPTPNTVHYILTHFKGVWNIVNNIPFLRSLIMKYVLTSRSYLIDSPPTYNVHYGYKSWEAFSNLSYYTRALPPVADDCPTPMGVKGNKELPDSKEVLEKVLLRREFIPDPQGSNMMFAFFAQHFTHQFFKTDHKRGPGFTRGLGHGVDLNHIYGETLDRQHKLRLFKDGKLKYQVIGGEVYPPTVKDTQVEMIYPPHIPENLQFAVGQEVFGLVPGLMMYATIWLREHQRVCDILKQEHPEWGDEQLFQTSKLILIGETIKIVIEDYVQHLSGYHFKLKFDPELLFNQQFQYQNRIASEFNTLYHWHPLLPDTFNIEDQEYSFKQFLYNNSILLEHGLTQFVESFTRQIAGRVAGGRNVPIAVQAVAKASIDQSREMKYQSLNEYRKRFSLKPYTSFEELTGEKEMAAELKALYSDIDVMELYPALLVEKPRPDAIFGETMVELGAPFSLKGLMGNPICSPQYWKPSTFGGEVGFKIINTASIQSLICNNVKGCPFTSFNVQDPQPTKTATINASASHSRLDDINPTVLIKRRSTEL#  TTTT    TT EEE SSTT  EEE TTTSEETTTT EE HHHHHHHTT   HHHHHHHHHS HHHHHHHTT HHHHHHHHHHHHHHHHTTS SS   BSS SS  HHHHH TTB B SS    TT SBTBBTBS SS   HHHHHHHHTB SS  B TT B HHHHHHHHHHHTTT    TTT TTB S TT SSS HHHH SSHHHHHHHB  STT B  EEETTEEE  BHHHH       TTS SSS B  SSTTTTS HHHHHHHHHHHHHHHHHHHHHHHH TT  HHHHHHHHHHHHHHHHHHHHHHTHHHHHHT SS     GGGGTTS        BHHHHHHT  GGG  SSEEETTEEE HHHHTT  HHHHHHTTHHHHHHHHS   B SSSSS B STTHHHHHHHHHHHHHTT  BHHHHHHHTT    S HHHHHSSSHHHHHHHHHH SSTT BHHHHHHSS  STT SS HHHHHHHHHHHHHHHHSSGGGSTTTSSGGGGTSHHHHHHHHT  HHHHHHTTSSS     SB                                     
4FG7,A,Crystal structure of human calcium/calmodulin-dependent protein kinase I 1-293 in complex with ATP,X-RAY DIFFRACTION,transferase,Calcium/calmodulin-dependent protein kinase type 1,Escherichia coli,33711.08,293,31.4,13.31,293,277,6,2.27,4.725646973,37.90825939,45.86,8000,25,0.3,2000,-0.2576791809,"200mM NH4Ac, 100mM (CH3)2AsO2Na, 25% PEG 8000, pH 6.0, vapor diffusion, hanging drop, temperature 277K","vapor diffusion, hanging drop",P 41 21 2,Protein,MLGAVEGPRWKQAEDIRDIYDFRDVLGTGAFSEVILAEDKRTQKLVAIKCIAKEALEGKEGSMENEIAVLHKIKHPNIVALDDIYESGGHLYLIMQLVSGGELFDRIVEKGFYTERDASRLIFQVLDAVKYLHDLGIVHRDLKPENLLYYSLDEDSKIMISDFGLSKMEDPGSVLSTACGTPGYVAPEVLAQKPYSKAVDCWSIGVIAYILLCGYPPFYDENDAKLFEQILKAEYEFDSPYWDDISDSAKDFIRHLMEKDPEKRFTCEQALQHPWIAGDTALDKNIHQSVSEQ#          EE S GGGTEEEEEEEEE SSEEEEEEEETTT  EEEEEEE           HHHHHHHHHH   TTB  EEEEEEETTEEEEEE    S BHHHHHHTTSS  HHHHHHHHHHHHHHHHHHHTTTEE S   GGGEEESSSSTT  EEE   TT EE             TTTS HHHHH     THHHHHHHHHHHHHHHHSS SS  SSHHHHHHHHHHT     TTTTTTS HHHHHHHHHHS S TTTS  HHHHHHSTTT                 
4FI3,A,Structure of vitamin B12 transporter BtuCD-F in a nucleotide-bound state,X-RAY DIFFRACTION,TRANSPORT PROTEIN,Vitamin B12 import system permease protein BtuC,Escherichia coli,158774.11,1451,56.51,9.03,349,293,6.8,3.84,11.13482666,33.06962751,68,400,25,0.3,100,0.7564469914,"20-30% PEG400, 100 mM ADA pH6.8, 100 mM Na/K-citrate, VAPOR DIFFUSION, SITTING DROP, temperature 293K","VAPOR DIFFUSION, SITTING DROP",C 2 2 21,Protein,MGHHHHHHHHHHSSGENLYFQGHMLTLARQQQRQNIRWLLSLSVLMLLALLLSLSAGEQWISPGDWFTPRGELFVWQIRLPRTLAVLLVGAALAISGAVMQALFENPLAEPGLLGVSNGAGVGLIAAVLLGQGQLPNWALGLSAIAGALIITLILLRFARRHLSTSRLLLAGVALGIISSALMTWAIYFSTSVDLRQLMYWMMGGFGGVDWRQSWLMLALIPVLLWISSQSRPMNMLALGEISARQLGLPLWFWRNVLVAATGWMVGVSVALAGAIGFIGLVIPHILRLSGLTDHRVLLPGCALAGASALLLADIVARLALAAAELPIGVVTATLGAPVFIWLLLKAGR#                         HHHHHHHHHHHHHHHHHHHHHHHHHHHHHT SSS   TTGGGSTTTGGGTTTTHHHHHHHHHHHHHHHHHHHHHHHHHHT TT  GGGSSHHHHHHHHHHHHHHTTTS   HHHHHHHHHHHHHHHHHHHHHHHTT   HHHHHHHHHHHHHHHHHHHHHHTTS  HHHHHHHHHHHT   TT  GGGHHHHHHHHHHHHHHHH  HHHHHHTS HHHHHHTT  HHHHHHHHHHHHHHHHHHHHHHT    SHHHHHHHHHHTTT  SHHHHHHHHHHHHHHHHHHHHHHHHSSSSSS   HHHHHHHHHHHHHHHHHHH   
4GWM,A,Crystal structure of human promeprin beta,X-RAY DIFFRACTION,Hydrolase,Meprin A subunit beta,Trichoplusia ni,143874.88,1184,17.74,31.08,592,293,9,2.83,5.246032715,33.05543919,56.55,8000,18.2,1,1456,-0.4626689189,"18.2%(wt/vol) PEG8000, 1M LiCl, 0.1M bicine, pH 9.0, VAPOR DIFFUSION, SITTING DROP, temperature 293K","VAPOR DIFFUSION, SITTING DROP",P 1,Protein,PWENFDVDGGMDQDIFDINEGLGLDLFEGDIRLDRAQIRNSIIGEKYRWPHTIPYVLEDSLEMNAKGVILNAFERYRLKTCIDFKPWAGETNYISVFKGSGCWSSVGNRRVGKQELSIGANCDRIATVQHEFLHALGFWHEQSRSDRDDYVRIMWDRILSGREHNFNTYSDDISDSLNVPYDYTSVMHYSKTAFQNGTEPTIVTRISDFEDVIGQRMDFSDSDLLKLNQLYNCSSSLSFMDSCSFELENVCGMIQSSGDNADWQRVSQVPRGPESDHSNMGQCQGSGFFMHFDSSSVNVGATAVLESRTLYPKRGFQCLQFYLYNSGSESDQLNIYIREYSADNVDGNLTLVEEIKEIPTGSWQLYHVTLKVTKKFRVVFEGRKGSGASLGGLSIDDINLSETRCPHHIWHIRNFTQFIGSPNGTLYSPPFYSSKGYAFQIYLNLAHVTNAGIYFHLISGANDDQLQWPCPWQQATMTLLDQNPDIRQRMSNQRSITTDPFMTTDNGNYFWDRPSKVGTVALFSNGTQFRRGGGYGTSAFITHERLKSRDFIKGDDVYILLTVEDISHLNSTQIQLTPAPSVQDLCSKTTCK#    EETTTT    HHHHHHHHT   BTTTB   TT  TT    GGG   SEEEEEE TTS HHHHHHHHHHHHHHHHHSS EEEE SS SSEEEEE  SSEEE SS   SSEEEEEE TT   HHHHHHHHHHHHT   STTSTTGGGTEEE GGGB TT GGGG                TT TTS  TTTTBSSSS SEEESSGGGTTTTT  SS  HHHHHHHHHHTT S  SSEEEEE   STTGGG EEE SSS  EEEES  TTS SS S           EEEEE SSS TT EEEEE   B  SSS EEEEEEEEE S TT EEEEEEEEEETTEEEEEEEEEEEEES  BSS EEEEEEE   S EEEEEEEE  SS  SSEEEEEEEEEESS   SEEEEE S GGGTT TT EEE   EE TTS EEEEEEE  SSSEEEEEEEEE  TTGGGS SS  SEEEEEEE    SSGGG   EEEEEE  TT B TTS BTTS HHHH EEEE TT  EEEEEEEEEEEEEEEHHHHTSTTSSBTTBEEEEEEEEE GGGSS                     
4GYR,A,Granulibacter bethesdensis allophanate hydrolase apo,X-RAY DIFFRACTION,HYDROLASE,Allophanate hydrolase,Escherichia coli,133075.59,1242,29.71,8.7,621,298,7.5,2.63,5.261169434,38.17119163,53.23,4000,24,0.15,960,0.0148148148,"24%(w/v)PEG4000,50mM MgCl2,100 mM HEPES pH 7.5, VAPOR DIFFUSION, HANGING DROP, temperature 298K","VAPOR DIFFUSION, HANGING DROP",P 61,Protein,MGSSHHHHHHHHDYDIPTSENLYFQGLLQMTLSMTLEGIQAFLAQGGTIEQVVTEAYDRITRYGDKAVWIALRPREEVLAEARALDASPATGKPLYGVPFAVKDNIDVAGLPCSAACPAFTYEPDRDATVVARLRAAGAIVLGKTNLDQFATGLVGTRSPFGAPRCVFDQDYISGGSSSGSAVAVAAGLVAFSLGTDTAGSGRVPAAFNNLVGVKPTKGLLSTSGVVPACRSLDCVTVFAASVAEGTLIRRIAEGYDAADPYSRPSQKRRLPHVGLRVGVPRQDQREFYGNTAYAALYQRALDEMISLDAELVEIDFAPFRDAAKLLYGGPWVAERLEAVGDHLSRAPDSFDPVVRSIVETAKTLSAVDAFRGQYELAALTQQANAQWARMDILLLPTAPTIHKVEAVMADPVRLNSQLGHYTNFVNLLDCAAIAVPAGFIETGLPFGVTLVGPAFSDDSMALIADRLHRRLEPGYGQDRASLPDPVLEETNPEQIALAVVGAHLSGQPLHWQLTERNATLVARTRTAPEYRLYALAETIPPKPGLVADPDFTGDGIEIELWSMDAEAFGTFTALVPAPLAIGTLRLADGTSVKGFVCEPAGLVGAQDITRFGGWRAYLAQ#                                  SHHHHHHHHHTT  HHHHHHHHHHHHHHH  TTSEEEE  HHHHHHHHHHHHHS  TT TTTTEEEEEETTB  TTS B TT GGG B  SS  HHHHHHHTTTEEEEEEE  SGGG  SSS   TT   B SS TTBB  SSSHHHHHHHHHTSSSEEEEEESSSTTTHHHHHTT EEEE  TTSB  TTB  SSTTT EEEEEESSHHHHHHHHHHHB   TT TT          SSS EEEEE STT   TT HHHHHHHHHHHHHSTTTT EEEEE  HHHHHHHGGGTSSGGGGHHHHHHHHHHHH TTSS HHHHHHHTTGGG  HHHHHHHHHHHHHHHHHHHHHTTT SEEEEES S   BHHHHSSSTTHHHHGGGTTTTTTTTTT EEEEEEEEE TTS EEEEEEEE TT HHHHHHHHHHHHHHH   BTTTTB   S                                                                                                                                        
4HHS,A,Crystal Structure of fatty acid alpha-dioxygenase (Arabidopsis thaliana),X-RAY DIFFRACTION,OXIDOREDUCTASE,Alpha-dioxygenase,Escherichia coli,76586.38,652,51.07,4.14,652,300,8,2.4,6.144348145,35.33467791,48.71,400,28,0.6,112,-0.3466257669,"28% PEG400, 50mM Tris, 0.2M calcium chloride, pH 8.0, VAPOR DIFFUSION, SITTING DROP, temperature 300K","VAPOR DIFFUSION, SITTING DROP",P 43 2 2,Protein,MRGSHHHHHHGSMKVITSLISSILLKFIHKDFHEIYARMSLLDRFLLLIVHGVDKMVPWHKLPVFLGLTYLEVRRHLHQQYNLLNVGQTPTGIRFDPANYPYRTADGKFNDPFNEGVGSQNSFFGRNCPPVDQKSKLRRPDPMVVATKLLGRKKFIDTGKQFNMIAASWIQFMIHDWIDHLEDTHQIELVAPKEVASKCPLSSFRFLKTKEVPTGFFEIKTGSQNIRTPWWDSSVIYGSNSKTLDRVRTYKDGKLKISEETGLLLHDEDGLAISGDIRNSWAGVSALQALFIKEHNAVCDALKDEDDDLEDEDLYRYARLVTSAVVAKIHTIDWTVQLLKTDTLLAGMRANWYGLLGKKFKDSFGHAGSSILGGVVGMKKPQNHGVPYSLTEDFTSVYRMHSLLPDQLHILDIDDVPGTNKSLPLIQEISMRDLIGRKGEETMSHIGFTKLMVSMGHQASGALELMNYPMWLRDIVPHDPNGQARPDHVDLAALEIYRDRERSVPRYNEFRRSMFMIPITKWEDLTEDEEAIEVLDDVYDGDVEELDLLVGLMAEKKIKGFAISETAFYIFLIMATRRLEADRFFTSDFNETIYTKKGLEWVNTTESLKDVIDRHYPDMTDKWMNSESAFSVWDSPPLTKNPIPLYLRIPSR#             HHHHHHHHHHGGGGS GGGHHHHHHS HHHHHHHHHHHHHHHSS GGGS HHHHHHHHHHHHHHHHHHS B  S     S   GGG  S  TTS S STT TTTT TTEE BBSS     GGGTTSS HHHHHHHHTB SS  B TTSSBHHHHHHHHHHHHHH  B EEEEEEEEE  TTTGGG S SEEEEEEE  EE S SSS EE EESS SSSS HHHH SSHHHHHHHB SSTT B   TTTSS  B TTS B SS  TT BHHHHHHHHHHHHHHHHHHHHHHHH TT  HHHHHHHHHHHHHHHHHHHHHHTHHHHHB SHHHHHHHHHHHH TT HHHHHHH   SSHHHH STT SS   TTS    BHHHHHHT  GGGS SEEEEE TTS   GGG   EEEEEEGGGGBHHHHHHHHHHH HHHHHHHHHTSB B S TT B GGGGSB  B TTS B SS B HHHHHHHHHHHTT   HHHHHHHTT    SSGGGT   HHHHHHHHHHTTT TTT  HHHHHHHS   TTBSS HHHHHHHHHHHHHHHHT GGGTTT SHHHH HHHHHHHHT  SHHHHHHHHSTTHHHHH  SSSTTS TT        S GGG     
4J4N,A,Crystal structure of FK506 binding domain of plasmodium falciparum FKBP35 in complex with D44,X-RAY DIFFRACTION,ISOMERASE/ISOMERASE INHIBITOR,FK506-binding protein (FKBP)-type peptidyl-propyl isomerase,Escherichia coli,44531.67,387,13.18,54.78,129,291,5.75,2.62,4.809509277,36.58372093,53.06,0,0,10.5,0,-0.4263565891,"3.5M AMMONIUM SULPHATE, 0.1M CITRATE BUFFER, pH 5.75, VAPOR DIFFUSION, HANGING DROP, temperature 291K","VAPOR DIFFUSION, HANGING DROP",P 43 21 2,Protein,MTTEQEFEKVELTADGGVIKTILKKGDEGEENIPKKGNEVTVHYVGKLESTGKVFDSSFDRNVPFKFHLEQGEVIKGWDICVSSMRKNEKCLVRIESMYGYGDEGCGESIPGNSVLLFEIELLSFRELE#       EEEE STTS EEEEEEE    SSTTS  TT EEEEEEEEEETTT  EEEEHHHHT  EEEETTTTSS HHHHHHHTT  TT EEEEEE GGGTTTTT BTTTB SS  EEEEEEEEEEE   
4PE6,A,Crystal structure of ABC transporter solute binding protein from Thermobispora bispora DSM 43833,X-RAY DIFFRACTION,SOLUTE-BINDING PROTEIN,Putative ABC transporter,Escherichia coli,72790.6,682,43.55,13.49,341,297,6.5,2.27,4.82208252,31.04516129,45.74,4000,30,0,1200,-0.0545454545,"0.1M MES, 30% PEG4000","VAPOR DIFFUSION, SITTING DROP",P 1 21 1,Protein,SNAGSGDTADAKQAEGDKPFIALSNGFIGNGWRQTMIAKFEEAAKQAQADGLIGKYKVVNAPGNNSATEQVAQIKSLLLQKPDALLINPASPTALQPVIQQACDAGVKVVVFDSAIDAPCAYILQNSFVDWATYAAKPVLESIGGKGNVIVVRGVVGSQPEAEMYETTKKILAEYPQVKTVATVTGMCDGATAQKAVLGVLPSVSTVDAVIGCGDGYGVAQAFATAGKPIPAVTFETNGRALSYWKDNKIDNGSVAVMSDPAQSVAALWAALDLLEGRDLPKQMTFPIVLIEEKDRDTWASVLKPDEYAAWPWTRELFRQQVEAIKTGGEPVQPPIPSTTG#                   EEEEEES   SHHHHHHHHHHHHHHHHHHHTTS SEEEEEE  TTT HHHHHHHHHHHHTT  SEEEEE S SSTTHHHHHHHHHTT EEEEESS    TTSEEEEE HHHHHHHHHHHHHHHTTT EEEEEEE STTSHHHHHHHHHHHHHHHT TTEEEEEEEE TT HHHHHHHHHHHGGGS    EEE SS HHHHHHHHHHHT    EEEE SBHHHHHHHHHTT  SS EEEE  TTHHHHHHHHHHHHHTT    SEEEE  EE  HHHHHHHHHH  TT B      HHHHHHHHHHHHHT             